Title,Company,Location,Link
Performance Analyst,Wolt,"Berlin, Berlin, Germany",https://de.linkedin.com/jobs/view/performance-analyst-at-wolt-4252359661?position=1&pageNum=0&refId=yb0%2BtPkX0A1yqyVSvYDLSw%3D%3D&trackingId=7WPxQY6ImzwGicCec6%2FYkg%3D%3D
Data Analyst (m/f/d),Moonfare,"Berlin, Germany",https://de.linkedin.com/jobs/view/data-analyst-m-f-d-at-moonfare-4295685367?position=2&pageNum=0&refId=yb0%2BtPkX0A1yqyVSvYDLSw%3D%3D&trackingId=JZVVexbsSQd%2Bv7sI0bZxIg%3D%3D
Marketing Data Analyst,Trust In SODA,"Berlin, Germany",https://de.linkedin.com/jobs/view/marketing-data-analyst-at-trust-in-soda-4288782308?position=3&pageNum=0&refId=yb0%2BtPkX0A1yqyVSvYDLSw%3D%3D&trackingId=Qt1ZHgdbX%2BaV1TUzvjLnrw%3D%3D
Marketing Data Analyst (m/f/d),Pflegia,"Berlin, Berlin, Germany",https://de.linkedin.com/jobs/view/marketing-data-analyst-m-f-d-at-pflegia-4295365335?position=4&pageNum=0&refId=yb0%2BtPkX0A1yqyVSvYDLSw%3D%3D&trackingId=D0wkB9kCbQHQa7ObgzoOEA%3D%3D
Data Analyst,mrge,"Berlin, Berlin, Germany",https://de.linkedin.com/jobs/view/data-analyst-at-mrge-4279879069?position=5&pageNum=0&refId=yb0%2BtPkX0A1yqyVSvYDLSw%3D%3D&trackingId=%2FV1Sg1j%2BWzvKjIblBMrmgA%3D%3D
Game Data Analyst - All in Hole,Homa,"Berlin, Berlin, Germany",https://de.linkedin.com/jobs/view/game-data-analyst-all-in-hole-at-homa-4291256265?position=6&pageNum=0&refId=yb0%2BtPkX0A1yqyVSvYDLSw%3D%3D&trackingId=nc7bBIO%2BtRWt%2F7M8STAs7g%3D%3D
Junior AI Data Analyst (all genders),Zalando,"Berlin, Berlin, Germany",https://de.linkedin.com/jobs/view/junior-ai-data-analyst-all-genders-at-zalando-4297639074?position=7&pageNum=0&refId=yb0%2BtPkX0A1yqyVSvYDLSw%3D%3D&trackingId=4aYevA7EoimHipCIv6v2zg%3D%3D
Senior Data Analyst,SoundCloud,"Berlin, Berlin, Germany",https://de.linkedin.com/jobs/view/senior-data-analyst-at-soundcloud-4278378239?position=8&pageNum=0&refId=yb0%2BtPkX0A1yqyVSvYDLSw%3D%3D&trackingId=NpzVEM6EwhGKz7hwTxUuGA%3D%3D
Product Data Analyst,Deel,"Berlin, Berlin, Germany",https://de.linkedin.com/jobs/view/product-data-analyst-at-deel-4292421121?position=9&pageNum=0&refId=yb0%2BtPkX0A1yqyVSvYDLSw%3D%3D&trackingId=vKq9QXeO7QJ5hdLrbHMp1w%3D%3D
Sales Data Analyst (Part-Time),Lovehoney Group,"Berlin, Berlin, Germany",https://de.linkedin.com/jobs/view/sales-data-analyst-part-time-at-lovehoney-group-4259386830?position=10&pageNum=0&refId=yb0%2BtPkX0A1yqyVSvYDLSw%3D%3D&trackingId=CTIyRjkq6yban5mP3p9LHw%3D%3D
Data Analyst (m/w/d),esanum,"Berlin, Berlin, Germany",https://de.linkedin.com/jobs/view/data-analyst-m-w-d-at-esanum-4293608911?position=11&pageNum=0&refId=yb0%2BtPkX0A1yqyVSvYDLSw%3D%3D&trackingId=vM9iRdpcgP%2FxW8RG4gFdpQ%3D%3D
Intern Data Analyst (f/m/d),Digital Charging Solutions,"Berlin, Berlin, Germany",https://de.linkedin.com/jobs/view/intern-data-analyst-f-m-d-at-digital-charging-solutions-4285003435?position=12&pageNum=0&refId=yb0%2BtPkX0A1yqyVSvYDLSw%3D%3D&trackingId=d9aBTDE%2F%2FYCOjc5Css%2BPkA%3D%3D
Data Analyst (Data Analytics Team),JetBrains,"Berlin, Germany",https://de.linkedin.com/jobs/view/data-analyst-data-analytics-team-at-jetbrains-4281231930?position=13&pageNum=0&refId=yb0%2BtPkX0A1yqyVSvYDLSw%3D%3D&trackingId=d%2FTfMNY1BsM7Fd1p0sKenw%3D%3D
(Junior) Data Analyst:in,Art-Invest Real Estate,"Berlin, Berlin, Germany",https://de.linkedin.com/jobs/view/junior-data-analyst-in-at-art-invest-real-estate-4268982467?position=14&pageNum=0&refId=yb0%2BtPkX0A1yqyVSvYDLSw%3D%3D&trackingId=KVM4t1JnoVWqsZHt5MrNKg%3D%3D
"Data Analyst, Client Experience",Agência Lynx,"Berlin, Berlin, Germany",https://de.linkedin.com/jobs/view/data-analyst-client-experience-at-ag%C3%AAncia-lynx-4266974430?position=15&pageNum=0&refId=yb0%2BtPkX0A1yqyVSvYDLSw%3D%3D&trackingId=PP8Q%2FUFHB%2FbYbuOb7lFcWg%3D%3D
Data Analyst (m/w/d),DR. EMI ARPA SKIN GmbH,"Berlin, Berlin, Germany",https://de.linkedin.com/jobs/view/data-analyst-m-w-d-at-dr-emi-arpa-skin-gmbh-4190802197?position=16&pageNum=0&refId=yb0%2BtPkX0A1yqyVSvYDLSw%3D%3D&trackingId=AGBABJdJmtkgN3XbRUC0Wg%3D%3D
"Data Analyst, Client Onboarding",Agência Lynx,"Berlin, Berlin, Germany",https://de.linkedin.com/jobs/view/data-analyst-client-onboarding-at-ag%C3%AAncia-lynx-4266970709?position=17&pageNum=0&refId=yb0%2BtPkX0A1yqyVSvYDLSw%3D%3D&trackingId=FCiW9ruxbHLSfpVlJ8VikQ%3D%3D
Working Student Data Analyst (f/x/m),Puls,"Berlin, Berlin, Germany",https://de.linkedin.com/jobs/view/working-student-data-analyst-f-x-m-at-puls-4293674982?position=18&pageNum=0&refId=yb0%2BtPkX0A1yqyVSvYDLSw%3D%3D&trackingId=0XWZ5p9EveZpNoz0hbN33Q%3D%3D
AI Data Analyst (all genders),Zalando,"Berlin, Berlin, Germany",https://de.linkedin.com/jobs/view/ai-data-analyst-all-genders-at-zalando-4297618932?position=19&pageNum=0&refId=yb0%2BtPkX0A1yqyVSvYDLSw%3D%3D&trackingId=ZUhTG0Q9aoxiUYMSkEl0%2BA%3D%3D
Performance Analyst Lead,Wolt,"Berlin, Berlin, Germany",https://de.linkedin.com/jobs/view/performance-analyst-lead-at-wolt-4288795147?position=20&pageNum=0&refId=yb0%2BtPkX0A1yqyVSvYDLSw%3D%3D&trackingId=4cDmcq4C6d4XALHoZuU77g%3D%3D
(Junior) Analyst (m/w/d) Data Analytics,Syncwork Ag,"Berlin, Berlin, Germany",https://de.linkedin.com/jobs/view/junior-analyst-m-w-d-data-analytics-at-syncwork-ag-4260263605?position=21&pageNum=0&refId=yb0%2BtPkX0A1yqyVSvYDLSw%3D%3D&trackingId=yuNx3RKggEYzrabcDegwZw%3D%3D
Data Analyst - Sales (d/f/m),Personio,"Berlin, Berlin, Germany",https://de.linkedin.com/jobs/view/data-analyst-sales-d-f-m-at-personio-4286700013?position=22&pageNum=0&refId=yb0%2BtPkX0A1yqyVSvYDLSw%3D%3D&trackingId=R9E84rCdjbl6gdVY8okyJA%3D%3D
Product Data Analyst,Freenow,"Berlin, Berlin, Germany",https://de.linkedin.com/jobs/view/product-data-analyst-at-freenow-4274303592?position=23&pageNum=0&refId=yb0%2BtPkX0A1yqyVSvYDLSw%3D%3D&trackingId=d4QKhKOW08FmpW4IPWrfJQ%3D%3D
Senior Data Analyst,Payrails,"Berlin, Berlin, Germany",https://de.linkedin.com/jobs/view/senior-data-analyst-at-payrails-4292951167?position=24&pageNum=0&refId=yb0%2BtPkX0A1yqyVSvYDLSw%3D%3D&trackingId=f788t3fpsTv7TJpZFHc2QA%3D%3D
Senior Data Analyst - Marketing,Deel,"Berlin, Berlin, Germany",https://de.linkedin.com/jobs/view/senior-data-analyst-marketing-at-deel-4294837861?position=25&pageNum=0&refId=yb0%2BtPkX0A1yqyVSvYDLSw%3D%3D&trackingId=1pvA%2FuMPJVxM5No45I71vQ%3D%3D
PowerBI Analyst (m/w/d),emagine,"Berlin, Berlin, Germany",https://de.linkedin.com/jobs/view/powerbi-analyst-m-w-d-at-emagine-4279704117?position=26&pageNum=0&refId=yb0%2BtPkX0A1yqyVSvYDLSw%3D%3D&trackingId=n%2B15HNHf0Fi%2BfC%2BGg9LGeQ%3D%3D
"Data Analyst, Client Onboarding",LYNX Beleggen,"Berlin, Berlin, Germany",https://de.linkedin.com/jobs/view/data-analyst-client-onboarding-at-lynx-beleggen-4267905472?position=27&pageNum=0&refId=yb0%2BtPkX0A1yqyVSvYDLSw%3D%3D&trackingId=tWC54byQ3E7lEM%2BAcPwf0Q%3D%3D
Product Analyst,Landmark Group,"Berlin, Germany",https://de.linkedin.com/jobs/view/product-analyst-at-landmark-group-4287136503?position=28&pageNum=0&refId=yb0%2BtPkX0A1yqyVSvYDLSw%3D%3D&trackingId=0WTPOz%2F8sWDIENl%2BXrJooA%3D%3D
Working Student – Data and Business Intelligence Support,think-cell Software,"Berlin, Berlin, Germany",https://de.linkedin.com/jobs/view/working-student-%E2%80%93-data-and-business-intelligence-support-at-think-cell-software-4296403408?position=29&pageNum=0&refId=yb0%2BtPkX0A1yqyVSvYDLSw%3D%3D&trackingId=%2BtA2%2FWetz4pqPHK2ZM7xqQ%3D%3D
"Staff Product Analyst, Adtech",Delivery Hero,"Berlin, Berlin, Germany",https://de.linkedin.com/jobs/view/staff-product-analyst-adtech-at-delivery-hero-4242991475?position=30&pageNum=0&refId=yb0%2BtPkX0A1yqyVSvYDLSw%3D%3D&trackingId=aPDVLODwPX9yFIdhP2PzeA%3D%3D
Senior Data Analyst (m/f/d),Kayzen,"Berlin, Germany",https://de.linkedin.com/jobs/view/senior-data-analyst-m-f-d-at-kayzen-4249802328?position=31&pageNum=0&refId=yb0%2BtPkX0A1yqyVSvYDLSw%3D%3D&trackingId=KXL07qMD%2B6DeFHZDb8Dcag%3D%3D
Data / BI Analyst & Marketing Controller (m/w/d),Wein & Vinos GmbH,"Berlin, Berlin, Germany",https://de.linkedin.com/jobs/view/data-bi-analyst-marketing-controller-m-w-d-at-wein-vinos-gmbh-4294782358?position=32&pageNum=0&refId=yb0%2BtPkX0A1yqyVSvYDLSw%3D%3D&trackingId=F9qE1g1eRSuRTT5ds8C1iA%3D%3D
Data Analyst (Marketing & CRM Focus),Blinkist,"Berlin, Germany",https://de.linkedin.com/jobs/view/data-analyst-marketing-crm-focus-at-blinkist-4278051123?position=33&pageNum=0&refId=yb0%2BtPkX0A1yqyVSvYDLSw%3D%3D&trackingId=iTavRAYH%2FXrLUDhmfx4S7Q%3D%3D
Lead Data Analyst (m/f/d),Kayzen,"Berlin, Germany",https://de.linkedin.com/jobs/view/lead-data-analyst-m-f-d-at-kayzen-4248319619?position=34&pageNum=0&refId=yb0%2BtPkX0A1yqyVSvYDLSw%3D%3D&trackingId=0Bs%2FIzKccAg6q%2B%2BjtTeTzQ%3D%3D
Data Analyst – Dashboard Owner (m/w/),RIB Software,"Berlin, Berlin, Germany",https://de.linkedin.com/jobs/view/data-analyst-%E2%80%93-dashboard-owner-m-w-at-rib-software-4279668702?position=35&pageNum=0&refId=yb0%2BtPkX0A1yqyVSvYDLSw%3D%3D&trackingId=NkDL3G3xvkg7NODBmcXmTw%3D%3D
Data Analyst Business Development (m/w/d),TieTalent,"Berlin, Berlin, Germany",https://de.linkedin.com/jobs/view/data-analyst-business-development-m-w-d-at-tietalent-4287551913?position=36&pageNum=0&refId=yb0%2BtPkX0A1yqyVSvYDLSw%3D%3D&trackingId=6JS%2F3yiqhkkm6vUiSUnoYw%3D%3D
Junior Data KYC Analyst (m/f/d),Aroundtown,"Berlin, Berlin, Germany",https://de.linkedin.com/jobs/view/junior-data-kyc-analyst-m-f-d-at-aroundtown-4289261342?position=37&pageNum=0&refId=yb0%2BtPkX0A1yqyVSvYDLSw%3D%3D&trackingId=dsB2c3HYMLiGVC38QY%2FAiQ%3D%3D
Product Analyst - Consumer Product,Delivery Hero,"Berlin, Berlin, Germany",https://de.linkedin.com/jobs/view/product-analyst-consumer-product-at-delivery-hero-4273569177?position=38&pageNum=0&refId=yb0%2BtPkX0A1yqyVSvYDLSw%3D%3D&trackingId=TNQ9suC5K2fo2AQc6zL%2Fjg%3D%3D
Sales Operations Data Analyst / BI Specialist (w/m/d),Enpal,"Berlin, Berlin, Germany",https://de.linkedin.com/jobs/view/sales-operations-data-analyst-bi-specialist-w-m-d-at-enpal-4291596242?position=39&pageNum=0&refId=yb0%2BtPkX0A1yqyVSvYDLSw%3D%3D&trackingId=27V7SRZQKlO14a8dli7WGA%3D%3D
Analytics Consultant | DACH,Biztory,"Berlin, Berlin, Germany",https://de.linkedin.com/jobs/view/analytics-consultant-dach-at-biztory-4285665860?position=40&pageNum=0&refId=yb0%2BtPkX0A1yqyVSvYDLSw%3D%3D&trackingId=7%2BOpq3pPJTwq7pBO3btZ6w%3D%3D
Data Analyst – Sales Steering and Analytics,IAV GmbH,"Berlin, Berlin, Germany",https://de.linkedin.com/jobs/view/data-analyst-%E2%80%93-sales-steering-and-analytics-at-iav-gmbh-4291264366?position=41&pageNum=0&refId=yb0%2BtPkX0A1yqyVSvYDLSw%3D%3D&trackingId=0HD0ZYfZ1TOgyd95xdYTwQ%3D%3D
Strategic Data Analyst – Sales Ops (w/m/d),Enpal,"Berlin, Berlin, Germany",https://de.linkedin.com/jobs/view/strategic-data-analyst-%E2%80%93-sales-ops-w-m-d-at-enpal-4291592374?position=42&pageNum=0&refId=yb0%2BtPkX0A1yqyVSvYDLSw%3D%3D&trackingId=Sk5oYXZLUCof28yPFbYkOg%3D%3D
Data Analyst (m/f/d),For Life Produktions- und Vertriebsgesellschaft für Heil- und Hilfsmittel mbH,"Berlin, Germany",https://de.linkedin.com/jobs/view/data-analyst-m-f-d-at-for-life-produktions-und-vertriebsgesellschaft-f%C3%BCr-heil-und-hilfsmittel-mbh-4285013508?position=43&pageNum=0&refId=yb0%2BtPkX0A1yqyVSvYDLSw%3D%3D&trackingId=ZFBS%2BRBiAbROCDAyn%2BXD%2BA%3D%3D
Staff Product Analyst - Consumer Product,Delivery Hero,"Berlin, Berlin, Germany",https://de.linkedin.com/jobs/view/staff-product-analyst-consumer-product-at-delivery-hero-4272012222?position=44&pageNum=0&refId=yb0%2BtPkX0A1yqyVSvYDLSw%3D%3D&trackingId=Kp3BPqLHmKkjFD9eTkJR5w%3D%3D
"Staff Data Analyst, Marketing Analytics",GetYourGuide,"Berlin, Berlin, Germany",https://de.linkedin.com/jobs/view/staff-data-analyst-marketing-analytics-at-getyourguide-4221383502?position=45&pageNum=0&refId=yb0%2BtPkX0A1yqyVSvYDLSw%3D%3D&trackingId=0F%2Bl36i5KXaUdYuD7QT00Q%3D%3D
Business Data Analyst (w/m/d),ANDERS & GANZ GmbH,"Berlin, Berlin, Germany",https://de.linkedin.com/jobs/view/business-data-analyst-w-m-d-at-anders-ganz-gmbh-4280584957?position=46&pageNum=0&refId=yb0%2BtPkX0A1yqyVSvYDLSw%3D%3D&trackingId=C%2BIaSY%2BfPFpXn%2BofQNsGSQ%3D%3D
Data Analyst - Online Marketing (m/w/d),denkwerk GmbH,"Berlin, Germany",https://de.linkedin.com/jobs/view/data-analyst-online-marketing-m-w-d-at-denkwerk-gmbh-4268414999?position=47&pageNum=0&refId=yb0%2BtPkX0A1yqyVSvYDLSw%3D%3D&trackingId=dqlq%2FCHYvgagL%2Fvx4kqcqQ%3D%3D
"Data Analyst, Client Experience",LYNX Beleggen,"Berlin, Berlin, Germany",https://de.linkedin.com/jobs/view/data-analyst-client-experience-at-lynx-beleggen-4267904522?position=48&pageNum=0&refId=yb0%2BtPkX0A1yqyVSvYDLSw%3D%3D&trackingId=3WVz0JO0l9AaJKze56r2lw%3D%3D
Senior Data Analyst,Blacklane,"Berlin, Germany",https://de.linkedin.com/jobs/view/senior-data-analyst-at-blacklane-4292396049?position=49&pageNum=0&refId=yb0%2BtPkX0A1yqyVSvYDLSw%3D%3D&trackingId=JFnIFFjQdNpfNnPs02wQnw%3D%3D
Product Data Analyst - Credit Control and Risks,Deel,"Berlin, Berlin, Germany",https://de.linkedin.com/jobs/view/product-data-analyst-credit-control-and-risks-at-deel-4294836827?position=50&pageNum=0&refId=yb0%2BtPkX0A1yqyVSvYDLSw%3D%3D&trackingId=LhfItKTlxurD7s7GLdvjBQ%3D%3D
Technical Data Analyst (m/w/d),Rohde & Schwarz,"Berlin, Berlin, Germany",https://de.linkedin.com/jobs/view/technical-data-analyst-m-w-d-at-rohde-schwarz-4284189547?position=51&pageNum=0&refId=yb0%2BtPkX0A1yqyVSvYDLSw%3D%3D&trackingId=KnZbyXm%2BMI5lREmaYUeAHw%3D%3D
Staff Product Analyst - (Logistics),Delivery Hero,"Berlin, Berlin, Germany",https://de.linkedin.com/jobs/view/staff-product-analyst-logistics-at-delivery-hero-4272088142?position=52&pageNum=0&refId=yb0%2BtPkX0A1yqyVSvYDLSw%3D%3D&trackingId=xg%2BAorklsbaHamPJcTTflg%3D%3D
"Product Analyst - (Logistics, Customer)",Delivery Hero,"Berlin, Berlin, Germany",https://de.linkedin.com/jobs/view/product-analyst-logistics-customer-at-delivery-hero-4295677726?position=53&pageNum=0&refId=yb0%2BtPkX0A1yqyVSvYDLSw%3D%3D&trackingId=S2mAQ3VtSbjs2IFo4iCvFw%3D%3D
Environmental Data Analyst (m/f/d),Aroundtown,"Berlin, Berlin, Germany",https://de.linkedin.com/jobs/view/environmental-data-analyst-m-f-d-at-aroundtown-4187287055?position=54&pageNum=0&refId=yb0%2BtPkX0A1yqyVSvYDLSw%3D%3D&trackingId=xko2utuyWRqgYmndWjLl0g%3D%3D
Data / BI Analyst & Marketing Controller (m/w/d),TieTalent,"Berlin, Berlin, Germany",https://de.linkedin.com/jobs/view/data-bi-analyst-marketing-controller-m-w-d-at-tietalent-4289566709?position=55&pageNum=0&refId=yb0%2BtPkX0A1yqyVSvYDLSw%3D%3D&trackingId=6QeqmMapX0mcIw2qtGu4aQ%3D%3D
Senior Data Analyst - Size & Fit (all genders),Zalando,"Berlin, Berlin, Germany",https://de.linkedin.com/jobs/view/senior-data-analyst-size-fit-all-genders-at-zalando-4284413051?position=56&pageNum=0&refId=yb0%2BtPkX0A1yqyVSvYDLSw%3D%3D&trackingId=KkC%2B%2FrBFuhlDUgnN9HcRQQ%3D%3D
Sustainability Data Analyst (ESG/CSRD/ESRS Reporting) (div/w/m),score4more,"Berlin, Berlin, Germany",https://de.linkedin.com/jobs/view/sustainability-data-analyst-esg-csrd-esrs-reporting-div-w-m-at-score4more-4295862901?position=57&pageNum=0&refId=yb0%2BtPkX0A1yqyVSvYDLSw%3D%3D&trackingId=mEdas85tZyhych8bxUcoQg%3D%3D
"Senior Data Analyst, Onboarding",Deel,"Berlin, Berlin, Germany",https://de.linkedin.com/jobs/view/senior-data-analyst-onboarding-at-deel-4294841642?position=58&pageNum=0&refId=yb0%2BtPkX0A1yqyVSvYDLSw%3D%3D&trackingId=2DjPlbDfQoxtJQ%2B8pEzyPg%3D%3D
AI Data Annotators - Zaza,RWS Group,"Berlin, Berlin, Germany",https://de.linkedin.com/jobs/view/ai-data-annotators-zaza-at-rws-group-4292652078?position=59&pageNum=0&refId=yb0%2BtPkX0A1yqyVSvYDLSw%3D%3D&trackingId=XcIbcz3dD0mqVcgkEN79dA%3D%3D
Senior Data Analyst,Gigs,"Berlin, Germany",https://de.linkedin.com/jobs/view/senior-data-analyst-at-gigs-4257296991?position=60&pageNum=0&refId=yb0%2BtPkX0A1yqyVSvYDLSw%3D%3D&trackingId=O72ilqo4jDJtWhE2Fl7tjA%3D%3D
PowerBI Analyst (m/w/d),emagine,"Berlin, Berlin, Germany",https://de.linkedin.com/jobs/view/powerbi-analyst-m-w-d-at-emagine-4279704117?position=1&pageNum=2&refId=gAJ%2FrCUqstoLSAI0iY6c8g%3D%3D&trackingId=wTU%2F0%2BzOgoH0Ha5JDI9dpA%3D%3D
"Data Analyst, Client Onboarding",LYNX Beleggen,"Berlin, Berlin, Germany",https://de.linkedin.com/jobs/view/data-analyst-client-onboarding-at-lynx-beleggen-4267905472?position=2&pageNum=2&refId=gAJ%2FrCUqstoLSAI0iY6c8g%3D%3D&trackingId=lNZD5Zbe7%2FETUXxODKqAgg%3D%3D
Product Analyst,Landmark Group,"Berlin, Germany",https://de.linkedin.com/jobs/view/product-analyst-at-landmark-group-4287136503?position=3&pageNum=2&refId=gAJ%2FrCUqstoLSAI0iY6c8g%3D%3D&trackingId=LMA2c5Aac93NgbxZZNcgaQ%3D%3D
Working Student – Data and Business Intelligence Support,think-cell Software,"Berlin, Berlin, Germany",https://de.linkedin.com/jobs/view/working-student-%E2%80%93-data-and-business-intelligence-support-at-think-cell-software-4296403408?position=4&pageNum=2&refId=gAJ%2FrCUqstoLSAI0iY6c8g%3D%3D&trackingId=yVUlVJKFBD%2Bpssw3iYd37w%3D%3D
"Staff Product Analyst, Adtech",Delivery Hero,"Berlin, Berlin, Germany",https://de.linkedin.com/jobs/view/staff-product-analyst-adtech-at-delivery-hero-4242991475?position=5&pageNum=2&refId=gAJ%2FrCUqstoLSAI0iY6c8g%3D%3D&trackingId=CYnSUH6vhJArzBZ27D39Pw%3D%3D
Senior Data Analyst (m/f/d),Kayzen,"Berlin, Germany",https://de.linkedin.com/jobs/view/senior-data-analyst-m-f-d-at-kayzen-4249802328?position=6&pageNum=2&refId=gAJ%2FrCUqstoLSAI0iY6c8g%3D%3D&trackingId=GPKcgwr%2Bk%2FPbDR9EgVN3jw%3D%3D
Data / BI Analyst & Marketing Controller (m/w/d),Wein & Vinos GmbH,"Berlin, Berlin, Germany",https://de.linkedin.com/jobs/view/data-bi-analyst-marketing-controller-m-w-d-at-wein-vinos-gmbh-4294782358?position=7&pageNum=2&refId=gAJ%2FrCUqstoLSAI0iY6c8g%3D%3D&trackingId=arHB3nHcoRe3P8cCuaz8gQ%3D%3D
Data Analyst (Marketing & CRM Focus),Blinkist,"Berlin, Germany",https://de.linkedin.com/jobs/view/data-analyst-marketing-crm-focus-at-blinkist-4278051123?position=8&pageNum=2&refId=gAJ%2FrCUqstoLSAI0iY6c8g%3D%3D&trackingId=EJDfnX8Yr7uihsZJ9adk5w%3D%3D
Lead Data Analyst (m/f/d),Kayzen,"Berlin, Germany",https://de.linkedin.com/jobs/view/lead-data-analyst-m-f-d-at-kayzen-4248319619?position=9&pageNum=2&refId=gAJ%2FrCUqstoLSAI0iY6c8g%3D%3D&trackingId=29koUvDmugVn%2FTEx9exbRQ%3D%3D
Data Analyst – Dashboard Owner (m/w/),RIB Software,"Berlin, Berlin, Germany",https://de.linkedin.com/jobs/view/data-analyst-%E2%80%93-dashboard-owner-m-w-at-rib-software-4279668702?position=10&pageNum=2&refId=gAJ%2FrCUqstoLSAI0iY6c8g%3D%3D&trackingId=CpfUBCyi7pDLaIiUfB3OVg%3D%3D
Technical Data Analyst (m/w/d),Rohde & Schwarz,"Berlin, Berlin, Germany",https://de.linkedin.com/jobs/view/technical-data-analyst-m-w-d-at-rohde-schwarz-4284189547?position=1&pageNum=5&refId=J9oDz62dXeBl3sWqNq0t4w%3D%3D&trackingId=uZC0b2%2B8gkSDWZ3UCHhKKQ%3D%3D
Staff Product Analyst - (Logistics),Delivery Hero,"Berlin, Berlin, Germany",https://de.linkedin.com/jobs/view/staff-product-analyst-logistics-at-delivery-hero-4272088142?position=2&pageNum=5&refId=J9oDz62dXeBl3sWqNq0t4w%3D%3D&trackingId=HEYzdPpy1My%2F6f0BNNBkEw%3D%3D
"Product Analyst - (Logistics, Customer)",Delivery Hero,"Berlin, Berlin, Germany",https://de.linkedin.com/jobs/view/product-analyst-logistics-customer-at-delivery-hero-4295677726?position=3&pageNum=5&refId=J9oDz62dXeBl3sWqNq0t4w%3D%3D&trackingId=7jWwIqvuqYuahn6kKCdpmA%3D%3D
Environmental Data Analyst (m/f/d),Aroundtown,"Berlin, Berlin, Germany",https://de.linkedin.com/jobs/view/environmental-data-analyst-m-f-d-at-aroundtown-4187287055?position=4&pageNum=5&refId=J9oDz62dXeBl3sWqNq0t4w%3D%3D&trackingId=Ai5R4OsyPhcWainWxUGEqQ%3D%3D
Data / BI Analyst & Marketing Controller (m/w/d),TieTalent,"Berlin, Berlin, Germany",https://de.linkedin.com/jobs/view/data-bi-analyst-marketing-controller-m-w-d-at-tietalent-4289566709?position=5&pageNum=5&refId=J9oDz62dXeBl3sWqNq0t4w%3D%3D&trackingId=PeGagDWeU5lwwAT%2BYd1IKQ%3D%3D
Senior Data Analyst - Size & Fit (all genders),Zalando,"Berlin, Berlin, Germany",https://de.linkedin.com/jobs/view/senior-data-analyst-size-fit-all-genders-at-zalando-4284413051?position=6&pageNum=5&refId=J9oDz62dXeBl3sWqNq0t4w%3D%3D&trackingId=YwZeIpT%2Boy%2FLpQzzDaVWvA%3D%3D
Sustainability Data Analyst (ESG/CSRD/ESRS Reporting) (div/w/m),score4more,"Berlin, Berlin, Germany",https://de.linkedin.com/jobs/view/sustainability-data-analyst-esg-csrd-esrs-reporting-div-w-m-at-score4more-4295862901?position=7&pageNum=5&refId=J9oDz62dXeBl3sWqNq0t4w%3D%3D&trackingId=ULuVyxunFdrcBlMCqpW9Ow%3D%3D
"Senior Data Analyst, Onboarding",Deel,"Berlin, Berlin, Germany",https://de.linkedin.com/jobs/view/senior-data-analyst-onboarding-at-deel-4294841642?position=8&pageNum=5&refId=J9oDz62dXeBl3sWqNq0t4w%3D%3D&trackingId=%2BW5bq171sKN%2Fz5e8IqyeuQ%3D%3D
AI Data Annotators - Zaza,RWS Group,"Berlin, Berlin, Germany",https://de.linkedin.com/jobs/view/ai-data-annotators-zaza-at-rws-group-4292652078?position=9&pageNum=5&refId=J9oDz62dXeBl3sWqNq0t4w%3D%3D&trackingId=XgiBfgXRRK%2BFwFR4b%2FaN%2FQ%3D%3D
Senior Data Analyst,Gigs,"Berlin, Germany",https://de.linkedin.com/jobs/view/senior-data-analyst-at-gigs-4257296991?position=10&pageNum=5&refId=J9oDz62dXeBl3sWqNq0t4w%3D%3D&trackingId=DQAsAyKThvSSb26cm0l5dw%3D%3D
"Product Analyst - (Logistics Customer, Seamless)",Delivery Hero,"Berlin, Berlin, Germany",https://de.linkedin.com/jobs/view/product-analyst-logistics-customer-seamless-at-delivery-hero-4268586275?position=1&pageNum=7&refId=p1oUsfEf8uHY%2FM4fBb6G3A%3D%3D&trackingId=hhfxHP3ViVxjYgt%2Bl6vbhA%3D%3D
Marketing Data Analyst (m/w/d),Axel Springer Corporate Solutions,"Berlin, Germany",https://de.linkedin.com/jobs/view/marketing-data-analyst-m-w-d-at-axel-springer-corporate-solutions-4279597399?position=2&pageNum=7&refId=p1oUsfEf8uHY%2FM4fBb6G3A%3D%3D&trackingId=sjURcxbifRna5sU4m%2FmFrg%3D%3D
(Junior) Business Intelligence Analyst (m/w/d) Flug,CHECK24 Vergleichsportal GmbH,"Berlin, Berlin, Germany",https://de.linkedin.com/jobs/view/junior-business-intelligence-analyst-m-w-d-flug-at-check24-vergleichsportal-gmbh-4292969042?position=3&pageNum=7&refId=p1oUsfEf8uHY%2FM4fBb6G3A%3D%3D&trackingId=zWVNL9xDOr%2B4UvMLEMk3pg%3D%3D
"Staff Product Analyst, Platform",Bolt,"Berlin, Berlin, Germany",https://de.linkedin.com/jobs/view/staff-product-analyst-platform-at-bolt-4279485911?position=4&pageNum=7&refId=p1oUsfEf8uHY%2FM4fBb6G3A%3D%3D&trackingId=AKpQdthTLVavqpux9W9BEQ%3D%3D
Spontaneous Application,Taktile,"Berlin, Berlin, Germany",https://de.linkedin.com/jobs/view/spontaneous-application-at-taktile-4122042147?position=5&pageNum=7&refId=p1oUsfEf8uHY%2FM4fBb6G3A%3D%3D&trackingId=hjTNM9AtUsZmbKb%2BMWOa3Q%3D%3D
Business Intelligence und Data Analytics Consultant (m/w/d),accantec group - part of x1F,"Berlin, Berlin, Germany",https://de.linkedin.com/jobs/view/business-intelligence-und-data-analytics-consultant-m-w-d-at-accantec-group-part-of-x1f-4294782384?position=6&pageNum=7&refId=p1oUsfEf8uHY%2FM4fBb6G3A%3D%3D&trackingId=SAJGV7G0XqBZ7lRbzxZFkQ%3D%3D
Senior Data Analyst (m/f/x) Product Analytics,sevdesk,"Berlin, Berlin, Germany",https://de.linkedin.com/jobs/view/senior-data-analyst-m-f-x-product-analytics-at-sevdesk-4278625798?position=7&pageNum=7&refId=p1oUsfEf8uHY%2FM4fBb6G3A%3D%3D&trackingId=eLyKa%2FyRh%2Fl1z8E9tnJjbg%3D%3D
Business Intelligence Expert (m/w/d),BWI GmbH,"Berlin, Berlin, Germany",https://de.linkedin.com/jobs/view/business-intelligence-expert-m-w-d-at-bwi-gmbh-4288972528?position=8&pageNum=7&refId=p1oUsfEf8uHY%2FM4fBb6G3A%3D%3D&trackingId=mP4IBMe6mxBSRUcSdwlw9Q%3D%3D
Senior Data Analyst - Data Platforms (m/f/d),Flatiron Health,Berlin Metropolitan Area,https://de.linkedin.com/jobs/view/senior-data-analyst-data-platforms-m-f-d-at-flatiron-health-4268692100?position=9&pageNum=7&refId=p1oUsfEf8uHY%2FM4fBb6G3A%3D%3D&trackingId=ZRFrPQCL45Wezt4F1Z%2BYhQ%3D%3D
Data Analyst / Experience Analytics - Digital Workplace (w/m/d),E.ON Digital Technology,"Berlin, Berlin, Germany",https://de.linkedin.com/jobs/view/data-analyst-experience-analytics-digital-workplace-w-m-d-at-e-on-digital-technology-4283633648?position=10&pageNum=7&refId=p1oUsfEf8uHY%2FM4fBb6G3A%3D%3D&trackingId=ZZUjOQRzsUlzbVS%2FfR8RQg%3D%3D
Principal/Staff Data Scientist - Economics,Delivery Hero,"Berlin, Berlin, Germany",https://de.linkedin.com/jobs/view/principal-staff-data-scientist-economics-at-delivery-hero-4289843219?position=1&pageNum=10&refId=C55oSucUnlGIxCFU4YACyg%3D%3D&trackingId=i8Q4x7oBZtmP3jCkdKQCbQ%3D%3D
Performance Analyst - befristet (m/w/d/x),pilot group,"Berlin, Berlin, Germany",https://de.linkedin.com/jobs/view/performance-analyst-befristet-m-w-d-x-at-pilot-group-4284118300?position=2&pageNum=10&refId=C55oSucUnlGIxCFU4YACyg%3D%3D&trackingId=lquREDPQ5cXISSkXoCBv7Q%3D%3D
Werkstudent Data Annotation (Medical) (f/m/d),Nia Health GmbH,"Berlin, Berlin, Germany",https://de.linkedin.com/jobs/view/werkstudent-data-annotation-medical-f-m-d-at-nia-health-gmbh-4278200812?position=3&pageNum=10&refId=C55oSucUnlGIxCFU4YACyg%3D%3D&trackingId=0XlLOkpzpMv8r3sxdNJX4w%3D%3D
Senior Product Analyst,Bolt,"Berlin, Germany",https://de.linkedin.com/jobs/view/senior-product-analyst-at-bolt-4055983501?position=4&pageNum=10&refId=C55oSucUnlGIxCFU4YACyg%3D%3D&trackingId=MrFn5i3EVgXh8LroZMF1OQ%3D%3D
Power BI Spezialist / BI-Developer / BI-Analyst (m/w/d),Iden Gruppe,"Berlin, Berlin, Germany",https://de.linkedin.com/jobs/view/power-bi-spezialist-bi-developer-bi-analyst-m-w-d-at-iden-gruppe-4278062735?position=5&pageNum=10&refId=C55oSucUnlGIxCFU4YACyg%3D%3D&trackingId=y81EUFyJp5NqXsHHEeBKMQ%3D%3D
(Senior) Data Analyst (m/f/x) Marketing,sevdesk,"Berlin, Berlin, Germany",https://de.linkedin.com/jobs/view/senior-data-analyst-m-f-x-marketing-at-sevdesk-4238275306?position=6&pageNum=10&refId=C55oSucUnlGIxCFU4YACyg%3D%3D&trackingId=ImEgZDJQB%2FmO3gnOYhp89A%3D%3D
Consultant - Digital Analytics (All Genders) for Berlin,Digitl,"Berlin, Berlin, Germany",https://de.linkedin.com/jobs/view/consultant-digital-analytics-all-genders-for-berlin-at-digitl-4284376576?position=7&pageNum=10&refId=C55oSucUnlGIxCFU4YACyg%3D%3D&trackingId=nixcRRWkbqT2XdRW9RU%2FRQ%3D%3D
"Senior Data Analyst/Consultant (m/w/d), Berlin",9 friendly white rabbits,"Berlin, Berlin, Germany",https://de.linkedin.com/jobs/view/senior-data-analyst-consultant-m-w-d-berlin-at-9-friendly-white-rabbits-4293960755?position=8&pageNum=10&refId=C55oSucUnlGIxCFU4YACyg%3D%3D&trackingId=yvfwxuLBic5g6UyrMITeZg%3D%3D
"Senior Product Analyst [DATA], (m/f/d)",HelloFresh,"Berlin, Berlin, Germany",https://de.linkedin.com/jobs/view/senior-product-analyst-data-m-f-d-at-hellofresh-4295063007?position=9&pageNum=10&refId=C55oSucUnlGIxCFU4YACyg%3D%3D&trackingId=iuBgnxEoUZqQmBbIIC02Ag%3D%3D
Werkstudent (m/w/d) BI Analytics,TieTalent,"Berlin, Berlin, Germany",https://de.linkedin.com/jobs/view/werkstudent-m-w-d-bi-analytics-at-tietalent-4291361550?position=10&pageNum=10&refId=C55oSucUnlGIxCFU4YACyg%3D%3D&trackingId=snwQDJIpOMtvupb9zc%2BSZQ%3D%3D
Quantitative Analyst,Hasso Plattner Foundation,"Potsdam, Brandenburg, Germany",https://de.linkedin.com/jobs/view/quantitative-analyst-at-hasso-plattner-foundation-4293096902?position=1&pageNum=12&refId=ONt22KVTajre99LTwzlFAA%3D%3D&trackingId=7W%2FEhaXW6Ff9Fhf36z955Q%3D%3D
Data Engineer (w/m/d) - ID: 12224,Dussmann Group,"Berlin, Germany",https://de.linkedin.com/jobs/view/data-engineer-w-m-d-id-12224-at-dussmann-group-4287799377?position=2&pageNum=12&refId=ONt22KVTajre99LTwzlFAA%3D%3D&trackingId=YZ0sK2XyJKhu4BBJ1JqJdw%3D%3D
Consultant (w/m/d) BI & Analytics (all levels),Horváth,"Berlin, Berlin, Germany",https://de.linkedin.com/jobs/view/consultant-w-m-d-bi-analytics-all-levels-at-horv%C3%A1th-3612353679?position=3&pageNum=12&refId=ONt22KVTajre99LTwzlFAA%3D%3D&trackingId=%2FUqKnM2xY7GSqQJ0QVStQg%3D%3D
Data Engineer,Scavenger AI,"Berlin, Berlin, Germany",https://de.linkedin.com/jobs/view/data-engineer-at-scavenger-ai-4291715605?position=4&pageNum=12&refId=ONt22KVTajre99LTwzlFAA%3D%3D&trackingId=XQrWJzTvS%2Fi8k4CDja0DSQ%3D%3D
Marketing Data Engineer,Ageras Danmark,"Berlin, Berlin, Germany",https://de.linkedin.com/jobs/view/marketing-data-engineer-at-ageras-danmark-4297194044?position=5&pageNum=12&refId=ONt22KVTajre99LTwzlFAA%3D%3D&trackingId=yqEBWzpIx%2F7B6qhig%2FT%2B1A%3D%3D
Senior Data Analyst - Marketing (all genders),Holidu,"Berlin, Germany",https://de.linkedin.com/jobs/view/senior-data-analyst-marketing-all-genders-at-holidu-4296185912?position=6&pageNum=12&refId=ONt22KVTajre99LTwzlFAA%3D%3D&trackingId=x96UWCzNKScp1WZ1ECPkJw%3D%3D
Intern Venture Development (d/m/w),Enpal,"Berlin, Berlin, Germany",https://de.linkedin.com/jobs/view/intern-venture-development-d-m-w-at-enpal-4260121602?position=7&pageNum=12&refId=ONt22KVTajre99LTwzlFAA%3D%3D&trackingId=S3BKjnrYU7%2Fcl8v6%2B%2F3lsQ%3D%3D
Work from Home Germany,TELUS Digital,"Friedrichshain-Kreuzberg, Berlin, Germany",https://de.linkedin.com/jobs/view/work-from-home-germany-at-telus-digital-4096503174?position=8&pageNum=12&refId=ONt22KVTajre99LTwzlFAA%3D%3D&trackingId=h4tKQnCzt97VuSg2nJvF%2Fg%3D%3D
Data Engineering Working Student (m/w/d) - Gigafactory Berlin-Brandenburg,Tesla,"Grünheide, Brandenburg, Germany",https://de.linkedin.com/jobs/view/data-engineering-working-student-m-w-d-gigafactory-berlin-brandenburg-at-tesla-4296468687?position=9&pageNum=12&refId=ONt22KVTajre99LTwzlFAA%3D%3D&trackingId=w0d0Rz6V6QpTz8ZojJvYsA%3D%3D
Senior Data Engineer (all genders),PŸUR | Tele Columbus,"Berlin, Berlin, Germany",https://de.linkedin.com/jobs/view/senior-data-engineer-all-genders-at-p%C3%BFur-tele-columbus-4287331691?position=10&pageNum=12&refId=ONt22KVTajre99LTwzlFAA%3D%3D&trackingId=or0zoItAuSYgrC6LbMeviw%3D%3D
Marketing Data Engineer,Ageras,"Berlin, Berlin, Germany",https://de.linkedin.com/jobs/view/marketing-data-engineer-at-ageras-4268295032?position=1&pageNum=15&refId=1L9xPH65vitIhp1ffVKUZw%3D%3D&trackingId=FB%2BCdrO%2BhmYlpnLrcd6Rdg%3D%3D
"Staff Product Analyst, Rider Experience",Bolt,"Berlin, Berlin, Germany",https://de.linkedin.com/jobs/view/staff-product-analyst-rider-experience-at-bolt-4282816453?position=2&pageNum=15&refId=1L9xPH65vitIhp1ffVKUZw%3D%3D&trackingId=RXT%2FLKHi%2Fke9D1tJXTO7Fg%3D%3D
Senior Data Analyst (all genders),adesso SE,"Berlin, Berlin, Germany",https://de.linkedin.com/jobs/view/senior-data-analyst-all-genders-at-adesso-se-4203245092?position=3&pageNum=15&refId=1L9xPH65vitIhp1ffVKUZw%3D%3D&trackingId=s3OFiw2j4oLfo79%2BNBRmzw%3D%3D
Referentin oder Referent Data Economy,Bitkom,"Berlin, Berlin, Germany",https://de.linkedin.com/jobs/view/referentin-oder-referent-data-economy-at-bitkom-4288971951?position=4&pageNum=15&refId=1L9xPH65vitIhp1ffVKUZw%3D%3D&trackingId=5ZuSlEecuWOspPn38PoXuA%3D%3D
"Senior Data Scientist - (Logistics, Optimization)",Delivery Hero,"Berlin, Berlin, Germany",https://de.linkedin.com/jobs/view/senior-data-scientist-logistics-optimization-at-delivery-hero-4270240619?position=5&pageNum=15&refId=1L9xPH65vitIhp1ffVKUZw%3D%3D&trackingId=4aEP9G36RrjGFAgCDQRbvg%3D%3D
Data Engineer (m/w/d),FUNKE,"Berlin, Germany",https://de.linkedin.com/jobs/view/data-engineer-m-w-d-at-funke-4286679118?position=6&pageNum=15&refId=1L9xPH65vitIhp1ffVKUZw%3D%3D&trackingId=AnuN3vOWEWifj4wMFTjMfQ%3D%3D
"Work Student, Data Engineer AI (all genders)",TeamViewer,"Berlin, Berlin, Germany",https://de.linkedin.com/jobs/view/work-student-data-engineer-ai-all-genders-at-teamviewer-4291855536?position=7&pageNum=15&refId=1L9xPH65vitIhp1ffVKUZw%3D%3D&trackingId=7lRzSQwTkSz6MhY8DgzEyA%3D%3D
Data Engineer,Pandata GmbH,"Berlin, Berlin, Germany",https://de.linkedin.com/jobs/view/data-engineer-at-pandata-gmbh-4121294995?position=8&pageNum=15&refId=1L9xPH65vitIhp1ffVKUZw%3D%3D&trackingId=xg7Y8d%2FhDfyCHe%2F%2BIYHr5g%3D%3D
Data Engineer,LANCH,"Berlin, Berlin, Germany",https://de.linkedin.com/jobs/view/data-engineer-at-lanch-4266425045?position=9&pageNum=15&refId=1L9xPH65vitIhp1ffVKUZw%3D%3D&trackingId=Esue2O8sgx054cc0VEARyg%3D%3D
Data Engineer (m|w|d),idealo internet GmbH,"Berlin, Berlin, Germany",https://de.linkedin.com/jobs/view/data-engineer-m-w-d-at-idealo-internet-gmbh-4292173562?position=10&pageNum=15&refId=1L9xPH65vitIhp1ffVKUZw%3D%3D&trackingId=BmKWinFkkvxENao%2Fx27HUQ%3D%3D
Insights Manager,1000heads,"Berlin, Berlin, Germany",https://de.linkedin.com/jobs/view/insights-manager-at-1000heads-4288890101?position=1&pageNum=17&refId=vpA9GT8poMGIUJLDBKb2CQ%3D%3D&trackingId=ygV7GhUjzsrgsW21sCsJVg%3D%3D
Work from Home Germany,TELUS Digital,"Bernau, Brandenburg, Germany",https://de.linkedin.com/jobs/view/work-from-home-germany-at-telus-digital-4122032400?position=2&pageNum=17&refId=vpA9GT8poMGIUJLDBKb2CQ%3D%3D&trackingId=DJiMqe0QZxtpO%2FkTmNHSxQ%3D%3D
"Staff Product Analyst, Rides Marketplace Matching",Bolt,"Berlin, Berlin, Germany",https://de.linkedin.com/jobs/view/staff-product-analyst-rides-marketplace-matching-at-bolt-4284577436?position=3&pageNum=17&refId=vpA9GT8poMGIUJLDBKb2CQ%3D%3D&trackingId=9EXgCDTTgRSdOe3w2JMdYA%3D%3D
Analytics Engineer,Gemma Analytics,"Berlin, Berlin, Germany",https://de.linkedin.com/jobs/view/analytics-engineer-at-gemma-analytics-4232946998?position=4&pageNum=17&refId=vpA9GT8poMGIUJLDBKb2CQ%3D%3D&trackingId=8mGMfaOOrnVvfysVIIKHSQ%3D%3D
Referentin oder Referent Data Economy,Get Started by Bitkom,"Berlin, Berlin, Germany",https://de.linkedin.com/jobs/view/referentin-oder-referent-data-economy-at-get-started-by-bitkom-4286332358?position=5&pageNum=17&refId=vpA9GT8poMGIUJLDBKb2CQ%3D%3D&trackingId=Svc4FaLidoh4JdWbnhXwlA%3D%3D
Data Engineer (w/m/d),TieTalent,"Berlin, Berlin, Germany",https://de.linkedin.com/jobs/view/data-engineer-w-m-d-at-tietalent-4283373715?position=6&pageNum=17&refId=vpA9GT8poMGIUJLDBKb2CQ%3D%3D&trackingId=45wao1hVHgSTOJGDbIUVPw%3D%3D
Analytics Engineer,PERGOLUX,"Berlin, Berlin, Germany",https://de.linkedin.com/jobs/view/analytics-engineer-at-pergolux-4293840395?position=7&pageNum=17&refId=vpA9GT8poMGIUJLDBKb2CQ%3D%3D&trackingId=KAlcuRpXp%2FnWzTTAgoy2rA%3D%3D
Data Engineer (m/w/d) mit Schwerpunkt Finanzdaten,Ecologic Institut,"Berlin, Berlin, Germany",https://de.linkedin.com/jobs/view/data-engineer-m-w-d-mit-schwerpunkt-finanzdaten-at-ecologic-institut-4282224611?position=8&pageNum=17&refId=vpA9GT8poMGIUJLDBKb2CQ%3D%3D&trackingId=tmRf6Dss6w4%2BPkPDCJoH8Q%3D%3D
Analytics Engineer,Goodgame Studios,"Berlin, Berlin, Germany",https://de.linkedin.com/jobs/view/analytics-engineer-at-goodgame-studios-4289810992?position=9&pageNum=17&refId=vpA9GT8poMGIUJLDBKb2CQ%3D%3D&trackingId=8Wh09G%2B397sOxcwXQA7sgQ%3D%3D
(Associate) Consultant Data Science & AI (m/w/d),Capgemini Invent,"Berlin, Berlin, Germany",https://de.linkedin.com/jobs/view/associate-consultant-data-science-ai-m-w-d-at-capgemini-invent-4262595030?position=10&pageNum=17&refId=vpA9GT8poMGIUJLDBKb2CQ%3D%3D&trackingId=bXtAmvc93lFFawg6vPc4eg%3D%3D
AI Associate,Langdock,"Berlin, Berlin, Germany",https://de.linkedin.com/jobs/view/ai-associate-at-langdock-4291766574?position=1&pageNum=20&refId=IBotNEFiXlhTZP1%2Fqasjhw%3D%3D&trackingId=F%2BxQgCfcbs%2BpoTxh9EdYsA%3D%3D
Data Engineer - Snowflake,iO Associates,"Berlin, Berlin, Germany",https://de.linkedin.com/jobs/view/data-engineer-snowflake-at-io-associates-4291073473?position=2&pageNum=20&refId=IBotNEFiXlhTZP1%2Fqasjhw%3D%3D&trackingId=yPtguYBbp64t5BKPN6QGDQ%3D%3D
IT-Forensik Analyst/Senior,Hassmann IT-Forensik GmbH,"Teltow, Brandenburg, Germany",https://de.linkedin.com/jobs/view/it-forensik-analyst-senior-at-hassmann-it-forensik-gmbh-4291442050?position=3&pageNum=20&refId=IBotNEFiXlhTZP1%2Fqasjhw%3D%3D&trackingId=0VeUcjppR8xwnP72E8eRAw%3D%3D
Senior Product Analyst,Payrails,"Berlin, Berlin, Germany",https://de.linkedin.com/jobs/view/senior-product-analyst-at-payrails-4292941970?position=4&pageNum=20&refId=IBotNEFiXlhTZP1%2Fqasjhw%3D%3D&trackingId=eznQApRezX%2Fn7Jp1WKrEoQ%3D%3D
Data Scientist - Pricing,Lovehoney Group,"Berlin, Berlin, Germany",https://de.linkedin.com/jobs/view/data-scientist-pricing-at-lovehoney-group-4285032401?position=5&pageNum=20&refId=IBotNEFiXlhTZP1%2Fqasjhw%3D%3D&trackingId=2HuSp4vOB0%2F0Q%2F4EsuzXtw%3D%3D
Business Analytics Specialist Tableau (all genders),adesso SE,"Berlin, Berlin, Germany",https://de.linkedin.com/jobs/view/business-analytics-specialist-tableau-all-genders-at-adesso-se-4203242512?position=6&pageNum=20&refId=IBotNEFiXlhTZP1%2Fqasjhw%3D%3D&trackingId=KThCqZn1OS6R81fPz3SPfg%3D%3D
Berater Data & Analytics Strategie (w/m/d),PwC Deutschland,"Berlin, Berlin, Germany",https://de.linkedin.com/jobs/view/berater-data-analytics-strategie-w-m-d-at-pwc-deutschland-4293310609?position=7&pageNum=20&refId=IBotNEFiXlhTZP1%2Fqasjhw%3D%3D&trackingId=I8GuIHbCendWehtu%2BDcOWA%3D%3D
Data Engineer in Berlin,Instaffo,"Berlin, Berlin, Germany",https://de.linkedin.com/jobs/view/data-engineer-in-berlin-at-instaffo-4201085786?position=8&pageNum=20&refId=IBotNEFiXlhTZP1%2Fqasjhw%3D%3D&trackingId=V2iuewrb6Xh9bDyUR7k%2BeA%3D%3D
Junior AI Data Annotator (German Speaker | Remote | Short-Term Project),Intetics,"Berlin, Berlin, Germany",https://de.linkedin.com/jobs/view/junior-ai-data-annotator-german-speaker-remote-short-term-project-at-intetics-4285393887?position=9&pageNum=20&refId=IBotNEFiXlhTZP1%2Fqasjhw%3D%3D&trackingId=Beh6%2B3Yf%2Fin5XUcHpRYpBA%3D%3D
Werkstudent (m/w/d) BI Analytics,Storck,"Berlin, Berlin, Germany",https://de.linkedin.com/jobs/view/werkstudent-m-w-d-bi-analytics-at-storck-4290586170?position=10&pageNum=20&refId=IBotNEFiXlhTZP1%2Fqasjhw%3D%3D&trackingId=KCe6VkwZi2oToP6cHs3nzA%3D%3D
Senior Associate Data Science,Publicis Sapient,"Berlin, Berlin, Germany",https://de.linkedin.com/jobs/view/senior-associate-data-science-at-publicis-sapient-4254322447?position=1&pageNum=22&refId=V9QdWJik8tU7uxvSY0KP2w%3D%3D&trackingId=yhyrWws2xAruiAr5eq%2Bytg%3D%3D
Database Engineer (m/w/d),CompuGroup Medical SE & Co. KGaA,"Berlin, Berlin, Germany",https://de.linkedin.com/jobs/view/database-engineer-m-w-d-at-compugroup-medical-se-co-kgaa-4270277903?position=2&pageNum=22&refId=V9QdWJik8tU7uxvSY0KP2w%3D%3D&trackingId=bFyLGyHP2DSiz%2FA6i2TDMQ%3D%3D
Analytics Engineer,Almedia,"Berlin, Germany",https://de.linkedin.com/jobs/view/analytics-engineer-at-almedia-4280196543?position=3&pageNum=22&refId=V9QdWJik8tU7uxvSY0KP2w%3D%3D&trackingId=L6GtO4pLBd47jJAdgvKalw%3D%3D
Senior Data Engineer,eBay,Berlin Metropolitan Area,https://de.linkedin.com/jobs/view/senior-data-engineer-at-ebay-4295830473?position=4&pageNum=22&refId=V9QdWJik8tU7uxvSY0KP2w%3D%3D&trackingId=FmHVbErxwDNxnQjmyC%2FmHg%3D%3D
Speculative Application,autarc (YC S24),"Berlin, Berlin, Germany",https://de.linkedin.com/jobs/view/speculative-application-at-autarc-yc-s24-3940339810?position=5&pageNum=22&refId=V9QdWJik8tU7uxvSY0KP2w%3D%3D&trackingId=ciksKwfjrRhCoU0We2emFQ%3D%3D
Data Engineer (m/w/d),DNS:NET Internet Service GmbH,"Berlin, Berlin, Germany",https://de.linkedin.com/jobs/view/data-engineer-m-w-d-at-dns-net-internet-service-gmbh-4286695093?position=6&pageNum=22&refId=V9QdWJik8tU7uxvSY0KP2w%3D%3D&trackingId=5gfUED3kWDDE0puAM5Y05A%3D%3D
Platform Operations Specialist (m/f/d),Adsquare,"Berlin, Berlin, Germany",https://de.linkedin.com/jobs/view/platform-operations-specialist-m-f-d-at-adsquare-4272872246?position=7&pageNum=22&refId=V9QdWJik8tU7uxvSY0KP2w%3D%3D&trackingId=7WPKrA%2BUnpf1LDo35g9IFg%3D%3D
Work from Home Germany,TELUS Digital,"Charlottenburg-Wilmersdorf, Berlin, Germany",https://de.linkedin.com/jobs/view/work-from-home-germany-at-telus-digital-4275925863?position=8&pageNum=22&refId=V9QdWJik8tU7uxvSY0KP2w%3D%3D&trackingId=oMhtcYqQo3bnuqMyO%2FfH8g%3D%3D
Werkstudent/in Business Intelligence & Prozessautomatisierung (m/w/d),Berliner Stadtwerke GmbH,"Berlin, Berlin, Germany",https://de.linkedin.com/jobs/view/werkstudent-in-business-intelligence-prozessautomatisierung-m-w-d-at-berliner-stadtwerke-gmbh-4282562788?position=9&pageNum=22&refId=V9QdWJik8tU7uxvSY0KP2w%3D%3D&trackingId=1e69XJez3aokxhBcQOiLTA%3D%3D
Praktikum Data Engineer im Bereich Advanced Analytics (m/w/d),Simon-Kucher,"Berlin, Berlin, Germany",https://de.linkedin.com/jobs/view/praktikum-data-engineer-im-bereich-advanced-analytics-m-w-d-at-simon-kucher-4291486088?position=10&pageNum=22&refId=V9QdWJik8tU7uxvSY0KP2w%3D%3D&trackingId=e9Ed6Zd1GwZiC8RM5LfXnA%3D%3D
Energy Data Scientist (m/w/d),Fuchs & Eule,"Berlin, Berlin, Germany",https://de.linkedin.com/jobs/view/energy-data-scientist-m-w-d-at-fuchs-eule-4289998388?position=1&pageNum=25&refId=lNjDDRfPjP1UqV31GHyKVA%3D%3D&trackingId=u6jqAMID8hgK%2FDeX7oxpHQ%3D%3D
"Data Science Consultant - Public Sector, Orphoz (w/m/d)","Orphoz, a McKinsey company","Berlin, Berlin, Germany",https://de.linkedin.com/jobs/view/data-science-consultant-public-sector-orphoz-w-m-d-at-orphoz-a-mckinsey-company-4295914837?position=2&pageNum=25&refId=lNjDDRfPjP1UqV31GHyKVA%3D%3D&trackingId=h3ZEKYm2kVyegxLcjpaJAA%3D%3D
Analytics Engineer (m/w/d),FUNKE,"Berlin, Germany",https://de.linkedin.com/jobs/view/analytics-engineer-m-w-d-at-funke-4226326259?position=3&pageNum=25&refId=lNjDDRfPjP1UqV31GHyKVA%3D%3D&trackingId=hzrtqQ1AnLBdmpTS0ZDsCw%3D%3D
Praktikum Business Analytics & Corporate Finance (m/w/d),Novemcore,"Berlin, Berlin, Germany",https://de.linkedin.com/jobs/view/praktikum-business-analytics-corporate-finance-m-w-d-at-novemcore-4282862866?position=4&pageNum=25&refId=lNjDDRfPjP1UqV31GHyKVA%3D%3D&trackingId=hDGOvSryUr2gZX2m%2BFzU%2Fg%3D%3D
Senior Product Analyst (d/f/m),Personio,"Berlin, Berlin, Germany",https://de.linkedin.com/jobs/view/senior-product-analyst-d-f-m-at-personio-4142616507?position=5&pageNum=25&refId=lNjDDRfPjP1UqV31GHyKVA%3D%3D&trackingId=E5byP6XRb%2FnFh2XAhUKg8g%3D%3D
Senior Data Engineer (f/d/m),mobile.de,"Berlin, Berlin, Germany",https://de.linkedin.com/jobs/view/senior-data-engineer-f-d-m-at-mobile-de-4288481313?position=6&pageNum=25&refId=lNjDDRfPjP1UqV31GHyKVA%3D%3D&trackingId=9wLgfiVC4gu4HYZrytrD7A%3D%3D
Senior Analytics Engineer (f/m/d),Enpal,"Berlin, Berlin, Germany",https://de.linkedin.com/jobs/view/senior-analytics-engineer-f-m-d-at-enpal-4297171161?position=7&pageNum=25&refId=lNjDDRfPjP1UqV31GHyKVA%3D%3D&trackingId=Jn8LOIGrk6vioDie18tcew%3D%3D
"Senior Manager, Data Analysis",Pulse Advertising,"Berlin, Berlin, Germany",https://de.linkedin.com/jobs/view/senior-manager-data-analysis-at-pulse-advertising-4261118614?position=8&pageNum=25&refId=lNjDDRfPjP1UqV31GHyKVA%3D%3D&trackingId=TCLyTa%2FV%2BF5boiv150lfWg%3D%3D
Praktikum ESG-Reporting & Analysen (all genders) ab Februar 2025,Forvis Mazars in Germany,"Berlin, Germany",https://de.linkedin.com/jobs/view/praktikum-esg-reporting-analysen-all-genders-ab-februar-2025-at-forvis-mazars-in-germany-4257253599?position=9&pageNum=25&refId=lNjDDRfPjP1UqV31GHyKVA%3D%3D&trackingId=e29XfrKZJnG4WJNANUFfBQ%3D%3D
Database Engineer (m/w/d),TieTalent,"Berlin, Berlin, Germany",https://de.linkedin.com/jobs/view/database-engineer-m-w-d-at-tietalent-4289013744?position=10&pageNum=25&refId=lNjDDRfPjP1UqV31GHyKVA%3D%3D&trackingId=lufE7IRqxTyUK95%2FDTzeZg%3D%3D
"Data Scientist, Support Analytics",Wolt,"Berlin, Berlin, Germany",https://de.linkedin.com/jobs/view/data-scientist-support-analytics-at-wolt-4293832722?position=1&pageNum=27&refId=BG1NHA%2FXCaoHZltMTQwcsw%3D%3D&trackingId=3VS8qU%2F8gZ%2BNaxmxZLFanQ%3D%3D
Data Scientist- Data Product (m/f/d),Flatiron Health,Berlin Metropolitan Area,https://de.linkedin.com/jobs/view/data-scientist-data-product-m-f-d-at-flatiron-health-4253167453?position=2&pageNum=27&refId=BG1NHA%2FXCaoHZltMTQwcsw%3D%3D&trackingId=MN78WOP74TTsHL2LroSefg%3D%3D
Werkstudent:in / Teilzeitkraft (20h) Datenmigration (m/w/d),e-pixler GmbH,"Berlin, Berlin, Germany",https://de.linkedin.com/jobs/view/werkstudent-in-teilzeitkraft-20h-datenmigration-m-w-d-at-e-pixler-gmbh-4281045643?position=3&pageNum=27&refId=BG1NHA%2FXCaoHZltMTQwcsw%3D%3D&trackingId=pdZNDEW%2FmtHGOrncjenrIA%3D%3D
"Principal Product Analyst - Onboarding, Nudges & Notifications (all genders)",Zalando,"Berlin, Berlin, Germany",https://de.linkedin.com/jobs/view/principal-product-analyst-onboarding-nudges-notifications-all-genders-at-zalando-4294623517?position=4&pageNum=27&refId=BG1NHA%2FXCaoHZltMTQwcsw%3D%3D&trackingId=6PvF%2FRXM1fMdG5%2BCeZq0mg%3D%3D
Senior Consultant Strategy & Data Insights (m/w/d),Reply,"Berlin, Germany",https://de.linkedin.com/jobs/view/senior-consultant-strategy-data-insights-m-w-d-at-reply-4294432917?position=5&pageNum=27&refId=BG1NHA%2FXCaoHZltMTQwcsw%3D%3D&trackingId=oENtSD4N%2FYLOYSJeHR3k3Q%3D%3D
Consultant Data Analytics ERP Migrations (w/m/d),PwC Deutschland,"Berlin, Berlin, Germany",https://de.linkedin.com/jobs/view/consultant-data-analytics-erp-migrations-w-m-d-at-pwc-deutschland-4286841439?position=6&pageNum=27&refId=BG1NHA%2FXCaoHZltMTQwcsw%3D%3D&trackingId=C%2Bk5meTSqO%2FKBE1o%2FmXFnA%3D%3D
Senior Product Analyst- Customer Solutions (all genders),Zalando,"Berlin, Berlin, Germany",https://de.linkedin.com/jobs/view/senior-product-analyst-customer-solutions-all-genders-at-zalando-4288461598?position=7&pageNum=27&refId=BG1NHA%2FXCaoHZltMTQwcsw%3D%3D&trackingId=9ku%2FWEnmByB3E7IeLq7lxw%3D%3D
Data Scientist (m/w/d),Reply,"Berlin, Germany",https://de.linkedin.com/jobs/view/data-scientist-m-w-d-at-reply-4292753063?position=8&pageNum=27&refId=BG1NHA%2FXCaoHZltMTQwcsw%3D%3D&trackingId=3tRepGyhh1JhS2sL8GDVsA%3D%3D
Senior AI Engineer (Computer Vision+LLM),Delivery Hero,"Berlin, Berlin, Germany",https://de.linkedin.com/jobs/view/senior-ai-engineer-computer-vision%2Bllm-at-delivery-hero-4266621317?position=9&pageNum=27&refId=BG1NHA%2FXCaoHZltMTQwcsw%3D%3D&trackingId=ZVwVZZqOYrt9oWMAaX0zyA%3D%3D
Studentische Beschäftigung mit 40/60/80 Monatsstunden,Technische Universität Berlin,"Berlin, Berlin, Germany",https://de.linkedin.com/jobs/view/studentische-besch%C3%A4ftigung-mit-40-60-80-monatsstunden-at-technische-universit%C3%A4t-berlin-3803951519?position=10&pageNum=27&refId=BG1NHA%2FXCaoHZltMTQwcsw%3D%3D&trackingId=VRtLUqOwOVgPp1BuyWBiCA%3D%3D
Working Student — Generative AI & Workflow Automation (all genders),Boston Consulting Group (BCG),"Berlin, Berlin, Germany",https://de.linkedin.com/jobs/view/working-student-%E2%80%94-generative-ai-workflow-automation-all-genders-at-boston-consulting-group-bcg-4289512105?position=1&pageNum=30&refId=3xigjWP0QPODVnWD6YQogg%3D%3D&trackingId=ckyW9wtGsLvXFLamoU%2BycQ%3D%3D
Working Student Human Language Tech,eBay,Berlin Metropolitan Area,https://de.linkedin.com/jobs/view/working-student-human-language-tech-at-ebay-4294481750?position=2&pageNum=30&refId=3xigjWP0QPODVnWD6YQogg%3D%3D&trackingId=b0D9NT53H78afSl%2Bm6VzIA%3D%3D
Data Scientist,7Learnings,"Berlin, Berlin, Germany",https://de.linkedin.com/jobs/view/data-scientist-at-7learnings-4279871935?position=3&pageNum=30&refId=3xigjWP0QPODVnWD6YQogg%3D%3D&trackingId=17wJre6z0R9PI8G2EPCzXg%3D%3D
Agatest (3),Recruitee Middleware Test Company,"Berlin, Germany",https://de.linkedin.com/jobs/view/agatest-3-at-recruitee-middleware-test-company-4282973120?position=4&pageNum=30&refId=3xigjWP0QPODVnWD6YQogg%3D%3D&trackingId=PjTN8Qei%2FCMGB3e1%2BLLuxw%3D%3D
Senior Data Engineer(f/m/x),LiveEO,"Berlin, Berlin, Germany",https://de.linkedin.com/jobs/view/senior-data-engineer-f-m-x-at-liveeo-4279884580?position=5&pageNum=30&refId=3xigjWP0QPODVnWD6YQogg%3D%3D&trackingId=A85mGiIaVPqhHt3JExXYKA%3D%3D
IoT Data Engineer,Canonical,"Berlin, Berlin, Germany",https://de.linkedin.com/jobs/view/iot-data-engineer-at-canonical-4251322074?position=6&pageNum=30&refId=3xigjWP0QPODVnWD6YQogg%3D%3D&trackingId=LNM6xMsGaxMUsc5BenQKSw%3D%3D
Senior Ecommerce and Marketing Analyst - CRM and Business Analytics,Lovehoney Group,"Berlin, Berlin, Germany",https://de.linkedin.com/jobs/view/senior-ecommerce-and-marketing-analyst-crm-and-business-analytics-at-lovehoney-group-4273326738?position=7&pageNum=30&refId=3xigjWP0QPODVnWD6YQogg%3D%3D&trackingId=2LF3wLHQBsywlw21iFs0LQ%3D%3D
Lead Data Engineer,Nelly Solutions,"Berlin, Berlin, Germany",https://de.linkedin.com/jobs/view/lead-data-engineer-at-nelly-solutions-4278341612?position=8&pageNum=30&refId=3xigjWP0QPODVnWD6YQogg%3D%3D&trackingId=U2Li8RHKIDUzTKKTSJKCRw%3D%3D
Lead Data Engineer (Data Integration),padoa,"Berlin, Berlin, Germany",https://de.linkedin.com/jobs/view/lead-data-engineer-data-integration-at-padoa-4291931344?position=9&pageNum=30&refId=3xigjWP0QPODVnWD6YQogg%3D%3D&trackingId=bAS0CbfBpDG4yzmhFnL7eA%3D%3D
Systems Engineer (m/w/d),Green Fusion,"Berlin, Berlin, Germany",https://de.linkedin.com/jobs/view/systems-engineer-m-w-d-at-green-fusion-4284371027?position=10&pageNum=30&refId=3xigjWP0QPODVnWD6YQogg%3D%3D&trackingId=GbXLgPCC6VGzA4DsJNnjHA%3D%3D
Systems Engineer (m/w)d),Green Fusion,"Berlin, Berlin, Germany",https://de.linkedin.com/jobs/view/systems-engineer-m-w-d-at-green-fusion-4231806387?position=1&pageNum=32&refId=MbXhTv8ygZUowdQJVGTz%2Bw%3D%3D&trackingId=F9dvP%2BNKIdpFydOr6WxZZA%3D%3D
Data Scientist,CrazyLabs,"Berlin, Berlin, Germany",https://de.linkedin.com/jobs/view/data-scientist-at-crazylabs-4295343538?position=2&pageNum=32&refId=MbXhTv8ygZUowdQJVGTz%2Bw%3D%3D&trackingId=JSCG7gEYEktPoMB9cZ5%2BZw%3D%3D
Data Engineer - ETL (m/w/d)- Gesamtverband der Deutschen Versicherungswirtschaft e. V.,GDV Gesamtverband der Deutschen Versicherungswirtschaft e.V.,"Berlin, Berlin, Germany",https://de.linkedin.com/jobs/view/data-engineer-etl-m-w-d-gesamtverband-der-deutschen-versicherungswirtschaft-e-v-at-gdv-gesamtverband-der-deutschen-versicherungswirtschaft-e-v-4283447829?position=3&pageNum=32&refId=MbXhTv8ygZUowdQJVGTz%2Bw%3D%3D&trackingId=YXJm0bnuvRkq6ygFUeE%2FVA%3D%3D
Data Engineer (m/w/d) / Data Architect (m/w/d),spectrumK GmbH,"Berlin, Berlin, Germany",https://de.linkedin.com/jobs/view/data-engineer-m-w-d-data-architect-m-w-d-at-spectrumk-gmbh-4281277219?position=4&pageNum=32&refId=MbXhTv8ygZUowdQJVGTz%2Bw%3D%3D&trackingId=lnfbL07KOeugKBA8ci96lA%3D%3D
Senior Data Analytics Engineer (m/f/d),Adsquare,"Berlin, Berlin, Germany",https://de.linkedin.com/jobs/view/senior-data-analytics-engineer-m-f-d-at-adsquare-4266945812?position=5&pageNum=32&refId=MbXhTv8ygZUowdQJVGTz%2Bw%3D%3D&trackingId=%2Fyw362%2FSj2uhJYDVxp9gfA%3D%3D
Future Talent (w/m/d),Hybrid Heroes,"Berlin, Berlin, Germany",https://de.linkedin.com/jobs/view/future-talent-w-m-d-at-hybrid-heroes-4091285288?position=6&pageNum=32&refId=MbXhTv8ygZUowdQJVGTz%2Bw%3D%3D&trackingId=en3D8Js9I9AniAXAdW4TPw%3D%3D
Data Engineer: ZMS Audiences (all genders),Zalando,"Berlin, Berlin, Germany",https://de.linkedin.com/jobs/view/data-engineer-zms-audiences-all-genders-at-zalando-4289789621?position=7&pageNum=32&refId=MbXhTv8ygZUowdQJVGTz%2Bw%3D%3D&trackingId=g8WzVm6ZVKeF%2BE4T2DCA%2Bg%3D%3D
Staff Machine Learning Engineer - (AdTech),Delivery Hero,"Berlin, Berlin, Germany",https://de.linkedin.com/jobs/view/staff-machine-learning-engineer-adtech-at-delivery-hero-4292166957?position=8&pageNum=32&refId=MbXhTv8ygZUowdQJVGTz%2Bw%3D%3D&trackingId=BvLV%2BIitXQ4bmLYNTgI95A%3D%3D
Senior Data Engineer (d/m/w) Banking / Data Analytics,TieTalent,"Berlin, Berlin, Germany",https://de.linkedin.com/jobs/view/senior-data-engineer-d-m-w-banking-data-analytics-at-tietalent-4287897005?position=9&pageNum=32&refId=MbXhTv8ygZUowdQJVGTz%2Bw%3D%3D&trackingId=IOIxBAHnxiHQFwpk9m%2Bhww%3D%3D
Data Scientist,7Learnings,"Berlin, Germany",https://de.linkedin.com/jobs/view/data-scientist-at-7learnings-4291741881?position=10&pageNum=32&refId=MbXhTv8ygZUowdQJVGTz%2Bw%3D%3D&trackingId=NaBWYAq5EsGEBFQ%2B2f58cA%3D%3D
Data Scientist,LYNX Beleggen,"Berlin, Berlin, Germany",https://de.linkedin.com/jobs/view/data-scientist-at-lynx-beleggen-4267904546?position=1&pageNum=35&refId=Q9i6R%2FJRII7UXCPx8XYUsg%3D%3D&trackingId=2Bff3fnVqh%2FgrtjS%2FO3XTg%3D%3D
AI Engineer (m/w/d),TieTalent,"Berlin, Berlin, Germany",https://de.linkedin.com/jobs/view/ai-engineer-m-w-d-at-tietalent-4289011855?position=2&pageNum=35&refId=Q9i6R%2FJRII7UXCPx8XYUsg%3D%3D&trackingId=qKPyzCZMs%2BxwbT%2BCCPhTRg%3D%3D
IT Business Analyst (m/w/d)*,Tagueri AG,"Berlin, Berlin, Germany",https://de.linkedin.com/jobs/view/it-business-analyst-m-w-d-at-tagueri-ag-4267165558?position=3&pageNum=35&refId=Q9i6R%2FJRII7UXCPx8XYUsg%3D%3D&trackingId=vCEIKH8u%2FF8bmcNP4ocmcg%3D%3D
Senior Data Engineer (d/m/w) Banking / Data Analytics,Sparkassen Rating und Risikosysteme,"Berlin, Berlin, Germany",https://de.linkedin.com/jobs/view/senior-data-engineer-d-m-w-banking-data-analytics-at-sparkassen-rating-und-risikosysteme-4285505889?position=4&pageNum=35&refId=Q9i6R%2FJRII7UXCPx8XYUsg%3D%3D&trackingId=2rftDdZLDIFbYdJTUXbOxA%3D%3D
Referent Datenanalyse und Reporting im Controlling (m/w/d),Bundesdruckerei-Gruppe,"Berlin, Berlin, Germany",https://de.linkedin.com/jobs/view/referent-datenanalyse-und-reporting-im-controlling-m-w-d-at-bundesdruckerei-gruppe-4210589129?position=5&pageNum=35&refId=Q9i6R%2FJRII7UXCPx8XYUsg%3D%3D&trackingId=tIEYVTh%2BWuMyBpKBxmMtnA%3D%3D
"Business Analyst (all genders) - Berlin, Germany",simplesurance,"Berlin, Germany",https://de.linkedin.com/jobs/view/business-analyst-all-genders-berlin-germany-at-simplesurance-4297515433?position=6&pageNum=35&refId=Q9i6R%2FJRII7UXCPx8XYUsg%3D%3D&trackingId=bMJGfrJXpFRTjcQrVzTO6g%3D%3D
Senior Data Engineer (m/f/d),Axel Springer National Media & Tech GmbH & Co. KG,"Berlin, Germany",https://de.linkedin.com/jobs/view/senior-data-engineer-m-f-d-at-axel-springer-national-media-tech-gmbh-co-kg-4280782467?position=7&pageNum=35&refId=Q9i6R%2FJRII7UXCPx8XYUsg%3D%3D&trackingId=hwwL2PeSrHF%2Fj9KflHUveg%3D%3D
Working Student (Engineering),enclaive,"Berlin, Berlin, Germany",https://de.linkedin.com/jobs/view/working-student-engineering-at-enclaive-4283287583?position=8&pageNum=35&refId=Q9i6R%2FJRII7UXCPx8XYUsg%3D%3D&trackingId=fLCoPj2WZ55LlU%2BfDK%2FdXQ%3D%3D
Praktikant/Werkstudent im Team Modelle und Data Analytics – Schwerpunkt Data Analytics und Modellentwicklung Kreditrisiko (m/w/d),TieTalent,"Berlin, Berlin, Germany",https://de.linkedin.com/jobs/view/praktikant-werkstudent-im-team-modelle-und-data-analytics-%E2%80%93-schwerpunkt-data-analytics-und-modellentwicklung-kreditrisiko-m-w-d-at-tietalent-4289016536?position=9&pageNum=35&refId=Q9i6R%2FJRII7UXCPx8XYUsg%3D%3D&trackingId=RIgBPQUv254G0CmARnLt8A%3D%3D
Senior Data Engineer (f/m/d),Ratepay,Berlin Metropolitan Area,https://de.linkedin.com/jobs/view/senior-data-engineer-f-m-d-at-ratepay-4292788231?position=1&pageNum=37&refId=nLyGv8vpRskw15R9mXK8uw%3D%3D&trackingId=Utzgg1c2qviqMDl6OlPxgQ%3D%3D
Werkstudentin / Werkstudent für die Mobilitätsdatenanalysen (w/m/d),Berliner Verkehrsbetriebe (BVG),"Berlin, Berlin, Germany",https://de.linkedin.com/jobs/view/werkstudentin-werkstudent-f%C3%BCr-die-mobilit%C3%A4tsdatenanalysen-w-m-d-at-berliner-verkehrsbetriebe-bvg-4297139547?position=2&pageNum=37&refId=nLyGv8vpRskw15R9mXK8uw%3D%3D&trackingId=AF37dO%2BFsg901BzU8EtaNg%3D%3D
Senior Analytics Engineer (m/w/d),Smartbroker AG,"Berlin, Berlin, Germany",https://de.linkedin.com/jobs/view/senior-analytics-engineer-m-w-d-at-smartbroker-ag-4273862176?position=3&pageNum=37&refId=nLyGv8vpRskw15R9mXK8uw%3D%3D&trackingId=FgNqhF3sPHbeph5OrETvYQ%3D%3D
Werkstudentin / Werkstudent für die Mobilitätsdatenanalysen (w/m/d),Berliner Verkehrsbetriebe (BVG),"Berlin, Berlin, Germany",https://de.linkedin.com/jobs/view/werkstudentin-werkstudent-f%C3%BCr-die-mobilit%C3%A4tsdatenanalysen-w-m-d-at-berliner-verkehrsbetriebe-bvg-4297185278?position=4&pageNum=37&refId=nLyGv8vpRskw15R9mXK8uw%3D%3D&trackingId=WXeUNJ7446CxEdh%2FzmmPuw%3D%3D
AI Operations Intern,telli,"Berlin, Berlin, Germany",https://de.linkedin.com/jobs/view/ai-operations-intern-at-telli-4272315467?position=5&pageNum=37&refId=nLyGv8vpRskw15R9mXK8uw%3D%3D&trackingId=4MjBCwyAszczbzLUbYSVrQ%3D%3D
Associate Internal Solutions Engineer,Via,"Berlin, Berlin, Germany",https://de.linkedin.com/jobs/view/associate-internal-solutions-engineer-at-via-4251120500?position=6&pageNum=37&refId=nLyGv8vpRskw15R9mXK8uw%3D%3D&trackingId=mPL0yZWmPVMfY0iWy1FrAA%3D%3D
"Werkstudent (w/m/d) in der Entwicklung , Data Engineering oder im IT-Consulting",Campana & Schott,"Berlin, Berlin, Germany",https://de.linkedin.com/jobs/view/werkstudent-w-m-d-in-der-entwicklung-data-engineering-oder-im-it-consulting-at-campana-schott-4206610428?position=7&pageNum=37&refId=nLyGv8vpRskw15R9mXK8uw%3D%3D&trackingId=ZgtXKecJ3xEa4f1cSZ3u7w%3D%3D
Senior Data Engineer (m/w/d) – C#-Progammierung | SQL-Entwicklung | ETL-Prozesse,TieTalent,"Berlin, Berlin, Germany",https://de.linkedin.com/jobs/view/senior-data-engineer-m-w-d-%E2%80%93-c%23-progammierung-sql-entwicklung-etl-prozesse-at-tietalent-4291559779?position=8&pageNum=37&refId=nLyGv8vpRskw15R9mXK8uw%3D%3D&trackingId=4M3IXhMKZB%2FAzRWhne%2BQKg%3D%3D
Systems Engineer (Perception),Stealth Startup,"Berlin, Berlin, Germany",https://de.linkedin.com/jobs/view/systems-engineer-perception-at-stealth-startup-4290717109?position=9&pageNum=37&refId=nLyGv8vpRskw15R9mXK8uw%3D%3D&trackingId=kevczU8GWmxRVWtSZnUk7Q%3D%3D
[English] Senior IT Engineer (x/f/m),Doctolib,"Berlin, Germany",https://de.linkedin.com/jobs/view/english-senior-it-engineer-x-f-m-at-doctolib-4297533866?position=10&pageNum=37&refId=nLyGv8vpRskw15R9mXK8uw%3D%3D&trackingId=UriE%2Bl%2BfCkBCvm9sfD4gkg%3D%3D
Data Operations Engineer (m/w/d),S-Kreditpartner,"Berlin, Germany",https://de.linkedin.com/jobs/view/data-operations-engineer-m-w-d-at-s-kreditpartner-4285531165?position=1&pageNum=40&refId=jf3UySYwq%2BC3%2BPgM8KIZ5w%3D%3D&trackingId=Fq6aBqdpXTypKnXcx6uKaw%3D%3D
Image Quality Data Engineer,Planet,"Berlin, Berlin, Germany",https://de.linkedin.com/jobs/view/image-quality-data-engineer-at-planet-4296413995?position=2&pageNum=40&refId=jf3UySYwq%2BC3%2BPgM8KIZ5w%3D%3D&trackingId=sUIOxDcXK15Ap5PzKmJA7g%3D%3D
Senior Data Engineer (w/m/d),GDV Gesamtverband der Deutschen Versicherungswirtschaft e.V.,"Berlin, Berlin, Germany",https://de.linkedin.com/jobs/view/senior-data-engineer-w-m-d-at-gdv-gesamtverband-der-deutschen-versicherungswirtschaft-e-v-4279471350?position=3&pageNum=40&refId=jf3UySYwq%2BC3%2BPgM8KIZ5w%3D%3D&trackingId=vcTLJ83v9U6TjBYBtGBg0g%3D%3D
Value Engineer,ama,"Berlin, Germany",https://de.linkedin.com/jobs/view/value-engineer-at-ama-4288480117?position=4&pageNum=40&refId=jf3UySYwq%2BC3%2BPgM8KIZ5w%3D%3D&trackingId=qTfTyktvrBoZKJ%2B5fV4tjQ%3D%3D
Datenanalyst*in Ladeinfrastruktur,NOW GmbH,"Berlin, Berlin, Germany",https://de.linkedin.com/jobs/view/datenanalyst-in-ladeinfrastruktur-at-now-gmbh-4291068510?position=5&pageNum=40&refId=jf3UySYwq%2BC3%2BPgM8KIZ5w%3D%3D&trackingId=B04w%2BNWmDd%2FKBLDCx6eTsg%3D%3D
Deep Learning Researcher,Avo Intelligence,"Berlin, Berlin, Germany",https://de.linkedin.com/jobs/view/deep-learning-researcher-at-avo-intelligence-4289214208?position=6&pageNum=40&refId=jf3UySYwq%2BC3%2BPgM8KIZ5w%3D%3D&trackingId=6pXsO9O5IfVn3QZnNc7%2F%2Bg%3D%3D
Senior Analytics Engineer,Podimo,"Berlin, Berlin, Germany",https://de.linkedin.com/jobs/view/senior-analytics-engineer-at-podimo-4283900493?position=7&pageNum=40&refId=jf3UySYwq%2BC3%2BPgM8KIZ5w%3D%3D&trackingId=PCpGB0d35NaXFBn9B3ywpA%3D%3D
IT Infrastructure Monitoring Engineer (all gender),ALTEN Germany,"Berlin, Germany",https://de.linkedin.com/jobs/view/it-infrastructure-monitoring-engineer-all-gender-at-alten-germany-4288226998?position=8&pageNum=40&refId=jf3UySYwq%2BC3%2BPgM8KIZ5w%3D%3D&trackingId=%2BTF0CHTVRV%2BAIclAAacXwA%3D%3D
Machine Learning / NLP Engineer (Working Student),Synthflow AI,"Berlin, Berlin, Germany",https://de.linkedin.com/jobs/view/machine-learning-nlp-engineer-working-student-at-synthflow-ai-4284452287?position=9&pageNum=40&refId=jf3UySYwq%2BC3%2BPgM8KIZ5w%3D%3D&trackingId=Vh48tZlgsbsdxmPiu%2BgnmQ%3D%3D
(Senior) Analytics Engineer,Payrails,"Berlin, Berlin, Germany",https://de.linkedin.com/jobs/view/senior-analytics-engineer-at-payrails-4277802278?position=10&pageNum=40&refId=jf3UySYwq%2BC3%2BPgM8KIZ5w%3D%3D&trackingId=Ns6qmpkFkWAhgIHclNt6%2BQ%3D%3D
Senior Data Engineer (f/m/x),Netconomy,"Berlin, Berlin, Germany",https://de.linkedin.com/jobs/view/senior-data-engineer-f-m-x-at-netconomy-4231835458?position=1&pageNum=42&refId=J%2FzehsWYDjCjxhqfNf0UJw%3D%3D&trackingId=NVSUfnqk%2FxmYGTndq8pTtA%3D%3D
Solutions Engineer,InterWorks,"Berlin, Germany",https://de.linkedin.com/jobs/view/solutions-engineer-at-interworks-4280468364?position=2&pageNum=42&refId=J%2FzehsWYDjCjxhqfNf0UJw%3D%3D&trackingId=H81QE1OTsWd%2Bf%2FoEIQO5fg%3D%3D
Specialist Document Developer/ Document Engineer (m/w/d),Verti Versicherung AG,Berlin Metropolitan Area,https://de.linkedin.com/jobs/view/specialist-document-developer-document-engineer-m-w-d-at-verti-versicherung-ag-4295355342?position=3&pageNum=42&refId=J%2FzehsWYDjCjxhqfNf0UJw%3D%3D&trackingId=niiwEfZv4VQy50R4cjsIQw%3D%3D
"Studentische Hilfskraft, Praktikant*in oder Student*in im Rahmen einer Abschlussarbeit zum Thema Data Analytics zur Absicherung von Fahrfunktionen",FZI Research Center for Information Technology,"Berlin, Berlin, Germany",https://de.linkedin.com/jobs/view/studentische-hilfskraft-praktikant-in-oder-student-in-im-rahmen-einer-abschlussarbeit-zum-thema-data-analytics-zur-absicherung-von-fahrfunktionen-at-fzi-research-center-for-information-technology-4145033616?position=4&pageNum=42&refId=J%2FzehsWYDjCjxhqfNf0UJw%3D%3D&trackingId=f8o76jQ26eGliqje9%2FXnlQ%3D%3D
Salesforce Support and Operations Specialist (m/f/x) (onsite/remote in Germany),Scalable Capital,"Berlin, Berlin, Germany",https://de.linkedin.com/jobs/view/salesforce-support-and-operations-specialist-m-f-x-onsite-remote-in-germany-at-scalable-capital-4294981224?position=5&pageNum=42&refId=J%2FzehsWYDjCjxhqfNf0UJw%3D%3D&trackingId=e4%2FxVsp78oIgyoklSfxa%2Fg%3D%3D
Werkstudent im KI-Kompetenz-Team (m/w/d),Axel Springer,"Berlin, Germany",https://de.linkedin.com/jobs/view/werkstudent-im-ki-kompetenz-team-m-w-d-at-axel-springer-4286920951?position=6&pageNum=42&refId=J%2FzehsWYDjCjxhqfNf0UJw%3D%3D&trackingId=zptz%2Bhkv%2FiyRvtCO9JFcqw%3D%3D
WERKSTUDENT*IN ODER PRAKTIKANT*IN PYTHON SOFTWARE DEVELOPER (BACKEND),ACCELERAID,"Berlin, Berlin, Germany",https://de.linkedin.com/jobs/view/werkstudent-in-oder-praktikant-in-python-software-developer-backend-at-acceleraid-4090896403?position=7&pageNum=42&refId=J%2FzehsWYDjCjxhqfNf0UJw%3D%3D&trackingId=22QTjd4xxHK5D8EKW%2F3u5g%3D%3D
AI Researcher - 100% onsite,European Tech Recruit,"Berlin, Germany",https://de.linkedin.com/jobs/view/ai-researcher-100%25-onsite-at-european-tech-recruit-4283161675?position=8&pageNum=42&refId=J%2FzehsWYDjCjxhqfNf0UJw%3D%3D&trackingId=3vK6raOvJmo3r5KqMV0Vzg%3D%3D
Principal Product Analyst /Applied scientist (all genders) - Lounge by Zalando,Zalando,"Berlin, Berlin, Germany",https://de.linkedin.com/jobs/view/principal-product-analyst-applied-scientist-all-genders-lounge-by-zalando-at-zalando-4277249839?position=9&pageNum=42&refId=J%2FzehsWYDjCjxhqfNf0UJw%3D%3D&trackingId=FGzXDCsa8o4bKfAdfgvSuw%3D%3D
Werkstudent*in Python & Daten-Tools (d/m/w) – Dein Einstieg ins Tech-Team,Toll Collect GmbH,"Berlin, Berlin, Germany",https://de.linkedin.com/jobs/view/werkstudent-in-python-daten-tools-d-m-w-%E2%80%93-dein-einstieg-ins-tech-team-at-toll-collect-gmbh-4294453296?position=10&pageNum=42&refId=J%2FzehsWYDjCjxhqfNf0UJw%3D%3D&trackingId=GuDHfnYEmkoQiJZdPsE%2Fog%3D%3D
"Tech Lead, Zero-Knowledge Access Passes (ZKAPs) Service (Remote)",Least Authority,"Berlin, Berlin, Germany",https://de.linkedin.com/jobs/view/tech-lead-zero-knowledge-access-passes-zkaps-service-remote-at-least-authority-4277514785?position=1&pageNum=45&refId=ULLkjbyCM%2BRuA%2FN1Z8ZHTQ%3D%3D&trackingId=%2FP9JWuK6GkPXzvgYS07FlQ%3D%3D
Senior Data Engineer (External),Serotonin,"Berlin, Berlin, Germany",https://de.linkedin.com/jobs/view/senior-data-engineer-external-at-serotonin-4163207665?position=2&pageNum=45&refId=ULLkjbyCM%2BRuA%2FN1Z8ZHTQ%3D%3D&trackingId=mkLQc0k%2BRIghd3%2B5a7T3PA%3D%3D
ML Engineer (LLM),Synthflow AI,"Berlin, Berlin, Germany",https://de.linkedin.com/jobs/view/ml-engineer-llm-at-synthflow-ai-4272320341?position=3&pageNum=45&refId=ULLkjbyCM%2BRuA%2FN1Z8ZHTQ%3D%3D&trackingId=NX78tVDcYSVHbJq9XOr%2BZw%3D%3D
Senior Database Engineer (Remote),Percona,"Berlin, Berlin, Germany",https://de.linkedin.com/jobs/view/senior-database-engineer-remote-at-percona-4261012169?position=4&pageNum=45&refId=ULLkjbyCM%2BRuA%2FN1Z8ZHTQ%3D%3D&trackingId=YRUTd1s6QuuHRqNyMtKzdw%3D%3D
Senior Data Scientist (m/w/d),TieTalent,"Berlin, Berlin, Germany",https://de.linkedin.com/jobs/view/senior-data-scientist-m-w-d-at-tietalent-4283006048?position=5&pageNum=45&refId=ULLkjbyCM%2BRuA%2FN1Z8ZHTQ%3D%3D&trackingId=OKn5Fg6svNSMzTLRkTC2og%3D%3D
Senior Data Analytics Engineer (m/f/d),Adsquare,"Berlin, Germany",https://de.linkedin.com/jobs/view/senior-data-analytics-engineer-m-f-d-at-adsquare-4286711053?position=6&pageNum=45&refId=ULLkjbyCM%2BRuA%2FN1Z8ZHTQ%3D%3D&trackingId=O%2BaEpwLmkgRfHxhSWowr6A%3D%3D
AI Media Engineer (m/w/d),Doopic,"Berlin, Berlin, Germany",https://de.linkedin.com/jobs/view/ai-media-engineer-m-w-d-at-doopic-4295265935?position=7&pageNum=45&refId=ULLkjbyCM%2BRuA%2FN1Z8ZHTQ%3D%3D&trackingId=YALAyTEBLagRYX6y5kTNAA%3D%3D
System Engineer (m/w/d),Medialine Group,"Berlin, Berlin, Germany",https://de.linkedin.com/jobs/view/system-engineer-m-w-d-at-medialine-group-4294413054?position=8&pageNum=45&refId=ULLkjbyCM%2BRuA%2FN1Z8ZHTQ%3D%3D&trackingId=5YVS5hrgi%2BwwZowCGmtttA%3D%3D
Power System Engineer (all genders),Reflex Aerospace,"Berlin, Berlin, Germany",https://de.linkedin.com/jobs/view/power-system-engineer-all-genders-at-reflex-aerospace-4293189037?position=9&pageNum=45&refId=ULLkjbyCM%2BRuA%2FN1Z8ZHTQ%3D%3D&trackingId=ugSKDWosnfTsbyCqQMcVUQ%3D%3D
Business-Analyst:in,ACENT AG,"Berlin, Germany",https://de.linkedin.com/jobs/view/business-analyst-in-at-acent-ag-4288888045?position=10&pageNum=45&refId=ULLkjbyCM%2BRuA%2FN1Z8ZHTQ%3D%3D&trackingId=i9k3iymkMklghQVe3k0xKw%3D%3D
Senior GTM Systems Analyst,Deel,"Berlin, Berlin, Germany",https://de.linkedin.com/jobs/view/senior-gtm-systems-analyst-at-deel-4294842583?position=1&pageNum=47&refId=L3%2BBf7wmfhgH%2Fn99eA2gMw%3D%3D&trackingId=HZ2yS6Fcvc311Amfbe%2BWgg%3D%3D
System Engineer,Prysmian,"Berlin, Berlin, Germany",https://de.linkedin.com/jobs/view/system-engineer-at-prysmian-4172860101?position=2&pageNum=47&refId=L3%2BBf7wmfhgH%2Fn99eA2gMw%3D%3D&trackingId=VpoeRfZ0GykykAC%2Bm4iV1w%3D%3D
Microsoft SQL Datenbank Entwickler | .NET | Berlin,Optimus Search,"Berlin, Germany",https://de.linkedin.com/jobs/view/microsoft-sql-datenbank-entwickler-net-berlin-at-optimus-search-4196572292?position=3&pageNum=47&refId=L3%2BBf7wmfhgH%2Fn99eA2gMw%3D%3D&trackingId=mWOZVoD3jyRDW9x%2FVsdftg%3D%3D
Projektleiter Analyse & Consulting (m/w/d) Vollzeit,ARGUS DATA INSIGHTS,"Berlin, Berlin, Germany",https://de.linkedin.com/jobs/view/projektleiter-analyse-consulting-m-w-d-vollzeit-at-argus-data-insights-4282567455?position=4&pageNum=47&refId=L3%2BBf7wmfhgH%2Fn99eA2gMw%3D%3D&trackingId=5LKCqGiYAh3QelbtWDxSWg%3D%3D
Software Engineering Working Student - AI Start-up,Glorya GmbH,"Berlin, Berlin, Germany",https://de.linkedin.com/jobs/view/software-engineering-working-student-ai-start-up-at-glorya-gmbh-4280691093?position=5&pageNum=47&refId=L3%2BBf7wmfhgH%2Fn99eA2gMw%3D%3D&trackingId=PbfUU3Tvos%2Bdv3A92iu1gg%3D%3D
Security / Cryptography Researcher & Engineer (Remote),Least Authority,"Berlin, Berlin, Germany",https://de.linkedin.com/jobs/view/security-cryptography-researcher-engineer-remote-at-least-authority-4277518111?position=6&pageNum=47&refId=L3%2BBf7wmfhgH%2Fn99eA2gMw%3D%3D&trackingId=SJ6RVklVkk7tO0BV6hDACg%3D%3D
Infrastructure Engineer,Taktile,"Berlin, Berlin, Germany",https://de.linkedin.com/jobs/view/infrastructure-engineer-at-taktile-4295060179?position=7&pageNum=47&refId=L3%2BBf7wmfhgH%2Fn99eA2gMw%3D%3D&trackingId=qbmzYeSMQUACDdUj33%2Fo7A%3D%3D
Werkstudentin Digitale Geschäftsprozesse für nachhaltige Energielösungen (w/m/d),GASAG Gruppe,"Berlin, Berlin, Germany",https://de.linkedin.com/jobs/view/werkstudentin-digitale-gesch%C3%A4ftsprozesse-f%C3%BCr-nachhaltige-energiel%C3%B6sungen-w-m-d-at-gasag-gruppe-4288033079?position=8&pageNum=47&refId=L3%2BBf7wmfhgH%2Fn99eA2gMw%3D%3D&trackingId=S0PhcXahK1KbsC3OgJjwxw%3D%3D
Graduate Engineer (m/f/d),Ivy,"Berlin, Berlin, Germany",https://de.linkedin.com/jobs/view/graduate-engineer-m-f-d-at-ivy-4215398814?position=9&pageNum=47&refId=L3%2BBf7wmfhgH%2Fn99eA2gMw%3D%3D&trackingId=ZxP95NtcG%2BMRZJjaRh4yBA%3D%3D
Cloud Data Engineer - Databricks (all genders),adesso SE,"Berlin, Berlin, Germany",https://de.linkedin.com/jobs/view/cloud-data-engineer-databricks-all-genders-at-adesso-se-4139519415?position=10&pageNum=47&refId=L3%2BBf7wmfhgH%2Fn99eA2gMw%3D%3D&trackingId=%2F%2FAwH0%2BTIHUU6dZLefeR7g%3D%3D
Senior Analytics Engineer (d/f/m),Leapsome,"Berlin, Berlin, Germany",https://de.linkedin.com/jobs/view/senior-analytics-engineer-d-f-m-at-leapsome-4292652026?position=1&pageNum=50&refId=k2vaRh3Bw4BnZfMjw6scXQ%3D%3D&trackingId=RGJ8gDhP%2B5yaPTLKQDe60A%3D%3D
Fachinformatiker Anwendungsentwicklung (m/w/d),Administration Intelligence AG,"Berlin, Berlin, Germany",https://de.linkedin.com/jobs/view/fachinformatiker-anwendungsentwicklung-m-w-d-at-administration-intelligence-ag-4169958779?position=2&pageNum=50&refId=k2vaRh3Bw4BnZfMjw6scXQ%3D%3D&trackingId=k3o7slu2J34swj68OEvH7w%3D%3D
Senior Analytics Engineer,DeepL,"Berlin, Germany",https://de.linkedin.com/jobs/view/senior-analytics-engineer-at-deepl-4294703135?position=3&pageNum=50&refId=k2vaRh3Bw4BnZfMjw6scXQ%3D%3D&trackingId=acUhqC0yUhSx6QS%2FATapwA%3D%3D
Studentische Mitarbeiter/Praktikanten - Data und Software Engineering (all genders) - Fachrichtung Active Safety (Vision and Radar),Joyson Safety Systems Hungary,"Berlin, Berlin, Germany",https://de.linkedin.com/jobs/view/studentische-mitarbeiter-praktikanten-data-und-software-engineering-all-genders-fachrichtung-active-safety-vision-and-radar-at-joyson-safety-systems-hungary-4290692326?position=4&pageNum=50&refId=k2vaRh3Bw4BnZfMjw6scXQ%3D%3D&trackingId=oZPtiv%2FtU%2BK0zUUBrbZ5%2BA%3D%3D
Snowflake Data Engineer (all genders),adesso SE,"Berlin, Berlin, Germany",https://de.linkedin.com/jobs/view/snowflake-data-engineer-all-genders-at-adesso-se-4203245080?position=5&pageNum=50&refId=k2vaRh3Bw4BnZfMjw6scXQ%3D%3D&trackingId=PLaUyYjyc6v5gNjZmljhQA%3D%3D
Senior Lead Analyst für IT-Security,TieTalent,"Berlin, Berlin, Germany",https://de.linkedin.com/jobs/view/senior-lead-analyst-f%C3%BCr-it-security-at-tietalent-4289453386?position=6&pageNum=50&refId=k2vaRh3Bw4BnZfMjw6scXQ%3D%3D&trackingId=s351D6lmBUMF11AMDdykeg%3D%3D
Infrastructure Engineer,Langdock,"Berlin, Berlin, Germany",https://de.linkedin.com/jobs/view/infrastructure-engineer-at-langdock-4267745080?position=7&pageNum=50&refId=k2vaRh3Bw4BnZfMjw6scXQ%3D%3D&trackingId=hWajg%2BX72aUHJVSw7yqclA%3D%3D
Senior AI Agent Engineer (m/w/d),Beam AI,"Berlin, Berlin, Germany",https://de.linkedin.com/jobs/view/senior-ai-agent-engineer-m-w-d-at-beam-ai-4275370603?position=8&pageNum=50&refId=k2vaRh3Bw4BnZfMjw6scXQ%3D%3D&trackingId=0yjM%2F8jvdTSTbj61Vve6Qg%3D%3D
SAP Analytics Transformation Consultant (w/m/d),EY,"Berlin, Berlin, Germany",https://de.linkedin.com/jobs/view/sap-analytics-transformation-consultant-w-m-d-at-ey-4245128152?position=9&pageNum=50&refId=k2vaRh3Bw4BnZfMjw6scXQ%3D%3D&trackingId=xusiqWhgOrUwlwQse20PFg%3D%3D
Venture Development Tech Intern (w/m/d),Enpal,"Berlin, Berlin, Germany",https://de.linkedin.com/jobs/view/venture-development-tech-intern-w-m-d-at-enpal-4229282316?position=10&pageNum=50&refId=k2vaRh3Bw4BnZfMjw6scXQ%3D%3D&trackingId=mZpMkY1XbnyFU9lS5LUzaA%3D%3D
IT System Engineer (w/m/d),Bechtle,"Berlin, Berlin, Germany",https://de.linkedin.com/jobs/view/it-system-engineer-w-m-d-at-bechtle-4267695455?position=1&pageNum=52&refId=sm9S0OEWjWYHt%2FryZxqDMg%3D%3D&trackingId=C80nVXDWA4QfS2f1kJa2UQ%3D%3D
Lead Data Scientist (m/f/d),Adsquare,"Berlin, Germany",https://de.linkedin.com/jobs/view/lead-data-scientist-m-f-d-at-adsquare-4281781966?position=2&pageNum=52&refId=sm9S0OEWjWYHt%2FryZxqDMg%3D%3D&trackingId=Rgq6If5mM0WKH54hokWllw%3D%3D
Security Engineer,Taktile,"Berlin, Berlin, Germany",https://de.linkedin.com/jobs/view/security-engineer-at-taktile-4267276481?position=3&pageNum=52&refId=sm9S0OEWjWYHt%2FryZxqDMg%3D%3D&trackingId=zkHJhIQOWV7Pr%2FCju3ff%2BA%3D%3D
"Senior Data Scientist, MarTech Alliance (f/m/x)",HelloFresh,"Berlin, Berlin, Germany",https://de.linkedin.com/jobs/view/senior-data-scientist-martech-alliance-f-m-x-at-hellofresh-4275083835?position=4&pageNum=52&refId=sm9S0OEWjWYHt%2FryZxqDMg%3D%3D&trackingId=A9wEqfppg%2FW2SlSR5dUNaQ%3D%3D
SPS-Programmierer (m/w/d),KleRo GmbH Roboterautomation,Berlin Metropolitan Area,https://de.linkedin.com/jobs/view/sps-programmierer-m-w-d-at-klero-gmbh-roboterautomation-4290670887?position=5&pageNum=52&refId=sm9S0OEWjWYHt%2FryZxqDMg%3D%3D&trackingId=G5VCZg3jDLP%2BRy6x63UAEQ%3D%3D
Software Engineer (Intern),Naptha AI,"Berlin, Berlin, Germany",https://de.linkedin.com/jobs/view/software-engineer-intern-at-naptha-ai-4151321449?position=6&pageNum=52&refId=sm9S0OEWjWYHt%2FryZxqDMg%3D%3D&trackingId=excO%2BPTxb8ha6iwu5qQf3Q%3D%3D
AI Engineer,CEF.AI,"Berlin, Berlin, Germany",https://de.linkedin.com/jobs/view/ai-engineer-at-cef-ai-4291331809?position=7&pageNum=52&refId=sm9S0OEWjWYHt%2FryZxqDMg%3D%3D&trackingId=2mOb6enWuzn4RoOQY2BmlQ%3D%3D
KI-Enabler:in (d/m/w),Verlag Der Tagesspiegel,"Berlin, Germany",https://de.linkedin.com/jobs/view/ki-enabler-in-d-m-w-at-verlag-der-tagesspiegel-4281238755?position=8&pageNum=52&refId=sm9S0OEWjWYHt%2FryZxqDMg%3D%3D&trackingId=MQUSwjIaxSMmpsu3B6PsIg%3D%3D
Solution Engineer,Taktile,"Berlin, Berlin, Germany",https://de.linkedin.com/jobs/view/solution-engineer-at-taktile-4278965019?position=9&pageNum=52&refId=sm9S0OEWjWYHt%2FryZxqDMg%3D%3D&trackingId=pat12dZbTkDYic4D4ZU5%2BA%3D%3D
Solution Engineer - Cloud & AI Data Platform,Microsoft,"Brandenburg, Germany",https://de.linkedin.com/jobs/view/solution-engineer-cloud-ai-data-platform-at-microsoft-4275652238?position=10&pageNum=52&refId=sm9S0OEWjWYHt%2FryZxqDMg%3D%3D&trackingId=V7vtauQEey48yOl8YC97rg%3D%3D
Wissenschaftlicher Mitarbeiter (m/w/d),Hasso Plattner Institute,"Potsdam, Brandenburg, Germany",https://de.linkedin.com/jobs/view/wissenschaftlicher-mitarbeiter-m-w-d-at-hasso-plattner-institute-4278631358?position=1&pageNum=55&refId=%2FF4UaRDLhCy0xD4zYbPwxw%3D%3D&trackingId=%2BMbCSZibjrCpFOtwCyxYcg%3D%3D
"Senior Data Scientist - Insights | Paid relocation to Barcelona, Spain 🇪🇸",Preply,"Berlin, Germany",https://de.linkedin.com/jobs/view/senior-data-scientist-insights-paid-relocation-to-barcelona-spain-%F0%9F%87%AA%F0%9F%87%B8-at-preply-4267786971?position=2&pageNum=55&refId=%2FF4UaRDLhCy0xD4zYbPwxw%3D%3D&trackingId=yHYybmzKiQUx767gXtF3pQ%3D%3D
Staff Engineer (f/m/d),Enpal,"Berlin, Berlin, Germany",https://de.linkedin.com/jobs/view/staff-engineer-f-m-d-at-enpal-4118937853?position=3&pageNum=55&refId=%2FF4UaRDLhCy0xD4zYbPwxw%3D%3D&trackingId=UFtNMQ9Yj8J1p6mp4VUiGg%3D%3D
Werkstudent Künstliche Intelligenz und Datenbankprojekte mit Schwerpunkt PowerBI (w/m/d) -remote möglich,EnBW Energie Baden-Württemberg AG,"Berlin, Berlin, Germany",https://de.linkedin.com/jobs/view/werkstudent-k%C3%BCnstliche-intelligenz-und-datenbankprojekte-mit-schwerpunkt-powerbi-w-m-d-remote-m%C3%B6glich-at-enbw-energie-baden-w%C3%BCrttemberg-ag-4287938106?position=4&pageNum=55&refId=%2FF4UaRDLhCy0xD4zYbPwxw%3D%3D&trackingId=SREoqEM02CtjwcJ1nYblzg%3D%3D
Senior Analytics Engineer,DeepL,"Berlin, Berlin, Germany",https://de.linkedin.com/jobs/view/senior-analytics-engineer-at-deepl-4280854154?position=5&pageNum=55&refId=%2FF4UaRDLhCy0xD4zYbPwxw%3D%3D&trackingId=KP7LT0M0RD4xef%2BfNw9Krg%3D%3D
(Junior) IT Business Analyst für E-Government und Digitalisierung (m/w/d),CGI,"Berlin, Germany",https://de.linkedin.com/jobs/view/junior-it-business-analyst-f%C3%BCr-e-government-und-digitalisierung-m-w-d-at-cgi-4256041647?position=6&pageNum=55&refId=%2FF4UaRDLhCy0xD4zYbPwxw%3D%3D&trackingId=ip5VW13VaQUqp4YmSFkk3A%3D%3D
Studenten (m/w/d) für die Softwareentwicklung,IVU Traffic Technologies,"Berlin, Berlin, Germany",https://de.linkedin.com/jobs/view/studenten-m-w-d-f%C3%BCr-die-softwareentwicklung-at-ivu-traffic-technologies-4204013336?position=7&pageNum=55&refId=%2FF4UaRDLhCy0xD4zYbPwxw%3D%3D&trackingId=6pl7SIjQPuPBTqpY5HMMxw%3D%3D
Senior Data Scientist,GetYourGuide,"Berlin, Berlin, Germany",https://de.linkedin.com/jobs/view/senior-data-scientist-at-getyourguide-4267290664?position=8&pageNum=55&refId=%2FF4UaRDLhCy0xD4zYbPwxw%3D%3D&trackingId=gzzuzIfsApR64ynNI8zrtQ%3D%3D
Funktionales Testen,Instaffo,"Berlin, Berlin, Germany",https://de.linkedin.com/jobs/view/funktionales-testen-at-instaffo-4236127926?position=9&pageNum=55&refId=%2FF4UaRDLhCy0xD4zYbPwxw%3D%3D&trackingId=WBgnhryzG4WHASNWId3gKg%3D%3D
IT-Produktbetreuerin / IT-Produktbetreuer und IT-Produktentwicklerin / IT-Produktentwickler mit Schwerpunkt Vergabemanagement (w/m/d),TieTalent,"Potsdam, Brandenburg, Germany",https://de.linkedin.com/jobs/view/it-produktbetreuerin-it-produktbetreuer-und-it-produktentwicklerin-it-produktentwickler-mit-schwerpunkt-vergabemanagement-w-m-d-at-tietalent-4295136188?position=10&pageNum=55&refId=%2FF4UaRDLhCy0xD4zYbPwxw%3D%3D&trackingId=jPhm7Yqqrv1AyvDAkUkCtg%3D%3D
"Business Analyst (all genders) - Berlin, Germany",simplesurance,"Berlin, Germany",https://de.linkedin.com/jobs/view/business-analyst-all-genders-berlin-germany-at-simplesurance-4290670950?position=1&pageNum=57&refId=v6rx3Uo%2BT00KL1%2BkfJdI0g%3D%3D&trackingId=8OIrPMqYyleX6msChfbOJA%3D%3D
Senior Data Engineer - Integrations (m/f/d),Adsquare,"Berlin, Berlin, Germany",https://de.linkedin.com/jobs/view/senior-data-engineer-integrations-m-f-d-at-adsquare-4287625609?position=2&pageNum=57&refId=v6rx3Uo%2BT00KL1%2BkfJdI0g%3D%3D&trackingId=RA5TSFagztdNn92ws3nU5w%3D%3D
Senior Data Engineer,Ada Health,"Berlin, Germany",https://de.linkedin.com/jobs/view/senior-data-engineer-at-ada-health-4292789864?position=3&pageNum=57&refId=v6rx3Uo%2BT00KL1%2BkfJdI0g%3D%3D&trackingId=88L24FuuRxpB6lGuSblBEA%3D%3D
Senior Data Engineer (Analytics Platform) (m/f/x) (onsite/remote in Germany),Scalable Capital,"Berlin, Berlin, Germany",https://de.linkedin.com/jobs/view/senior-data-engineer-analytics-platform-m-f-x-onsite-remote-in-germany-at-scalable-capital-4292928519?position=4&pageNum=57&refId=v6rx3Uo%2BT00KL1%2BkfJdI0g%3D%3D&trackingId=FX2rCttsoe2MKdkeJS6liw%3D%3D
Founding Engineer - Golang,GlassFlow,"Berlin, Berlin, Germany",https://de.linkedin.com/jobs/view/founding-engineer-golang-at-glassflow-4291307652?position=5&pageNum=57&refId=v6rx3Uo%2BT00KL1%2BkfJdI0g%3D%3D&trackingId=WMjjrRIfHQnnh9%2FibULpnw%3D%3D
System Engineer6497,Comeet Second Middleware Test Company,"Berlin, Berlin, Germany",https://de.linkedin.com/jobs/view/system-engineer6497-at-comeet-second-middleware-test-company-4222802283?position=6&pageNum=57&refId=v6rx3Uo%2BT00KL1%2BkfJdI0g%3D%3D&trackingId=dKrXK2qdAxdZneOSOX2CCg%3D%3D
Softwareentwickler (m/w/d) im SAP-Umfeld,TieTalent,"Berlin, Berlin, Germany",https://de.linkedin.com/jobs/view/softwareentwickler-m-w-d-im-sap-umfeld-at-tietalent-4282797423?position=7&pageNum=57&refId=v6rx3Uo%2BT00KL1%2BkfJdI0g%3D%3D&trackingId=KtcgCm5oG36z3mqvwUDuaQ%3D%3D
System Engineer (m/w/d),SysEleven GmbH,"Berlin, Berlin, Germany",https://de.linkedin.com/jobs/view/system-engineer-m-w-d-at-syseleven-gmbh-4225682254?position=8&pageNum=57&refId=v6rx3Uo%2BT00KL1%2BkfJdI0g%3D%3D&trackingId=PJXbZDL1QjLvQh4fPVyBpg%3D%3D
Senior Data Infrastructure Engineer (m/f/d),Ratepay,"Berlin, Berlin, Germany",https://de.linkedin.com/jobs/view/senior-data-infrastructure-engineer-m-f-d-at-ratepay-4268179051?position=9&pageNum=57&refId=v6rx3Uo%2BT00KL1%2BkfJdI0g%3D%3D&trackingId=KYQ303zKlfN%2BmRmZCyIENA%3D%3D
Senior Applied Scientist (All Genders),Zalando,"Berlin, Berlin, Germany",https://de.linkedin.com/jobs/view/senior-applied-scientist-all-genders-at-zalando-4126003695?position=10&pageNum=57&refId=v6rx3Uo%2BT00KL1%2BkfJdI0g%3D%3D&trackingId=04gWNAO4c2bxE877cjhzTw%3D%3D
Engineering Intern,Knowunity,"Berlin, Berlin, Germany",https://de.linkedin.com/jobs/view/engineering-intern-at-knowunity-4247904215?position=1&pageNum=60&refId=eXVGz0CrovspFKjcsWxdyA%3D%3D&trackingId=sQAKApi6CZ4Lg%2Bu15IOnJg%3D%3D
Staff Engineer Agent Runtime (f/m/d)*,Parloa,"Berlin, Germany",https://de.linkedin.com/jobs/view/staff-engineer-agent-runtime-f-m-d-at-parloa-4275656306?position=2&pageNum=60&refId=eXVGz0CrovspFKjcsWxdyA%3D%3D&trackingId=vLfBKC7tKPRlqJE%2BUHCDrQ%3D%3D
Computer Vision Engineer (m/f/d),STARK,"Berlin, Berlin, Germany",https://de.linkedin.com/jobs/view/computer-vision-engineer-m-f-d-at-stark-4258095938?position=3&pageNum=60&refId=eXVGz0CrovspFKjcsWxdyA%3D%3D&trackingId=pTBaZ7LHU6U6Y3sxs19YFg%3D%3D
Master Thesis - Explainable AI for Autonomous Driving - REF2063F,AUMOVIO,"Berlin, Berlin, Germany",https://de.linkedin.com/jobs/view/master-thesis-explainable-ai-for-autonomous-driving-ref2063f-at-aumovio-4288371632?position=4&pageNum=60&refId=eXVGz0CrovspFKjcsWxdyA%3D%3D&trackingId=d7MEJ5%2B3yTLFz8YcM4JcmQ%3D%3D
Solution Engineer - Security,Microsoft,"Berlin, Berlin, Germany",https://de.linkedin.com/jobs/view/solution-engineer-security-at-microsoft-4291258624?position=5&pageNum=60&refId=eXVGz0CrovspFKjcsWxdyA%3D%3D&trackingId=4ATfp0F6hCGoewKjob0WIQ%3D%3D
Software Engineer - MySQL (Remote),Percona,"Berlin, Berlin, Germany",https://de.linkedin.com/jobs/view/software-engineer-mysql-remote-at-percona-4204710190?position=6&pageNum=60&refId=eXVGz0CrovspFKjcsWxdyA%3D%3D&trackingId=sayifFBRtHOBmhNJZjXiuw%3D%3D
Business Analyst / Consultant Strategieberatung - Monitor Deloitte (m/w/d),Deloitte,"Berlin, Berlin, Germany",https://de.linkedin.com/jobs/view/business-analyst-consultant-strategieberatung-monitor-deloitte-m-w-d-at-deloitte-4266212153?position=7&pageNum=60&refId=eXVGz0CrovspFKjcsWxdyA%3D%3D&trackingId=8HsIoK4mRFCUKSZnQxlpyw%3D%3D
Fachinformatiker für Anwendungsentwicklung (w/m/d),TieTalent,"Berlin, Berlin, Germany",https://de.linkedin.com/jobs/view/fachinformatiker-f%C3%BCr-anwendungsentwicklung-w-m-d-at-tietalent-4292104095?position=8&pageNum=60&refId=eXVGz0CrovspFKjcsWxdyA%3D%3D&trackingId=iXe3zolXP6Yp4TlsVQ7NQQ%3D%3D
AI Engineer (LLMs & Prompt Engineering) (m/w/d) - Home Office möglich,Cito Transport Technologies GmbH,"Berlin, Berlin, Germany",https://de.linkedin.com/jobs/view/ai-engineer-llms-prompt-engineering-m-w-d-home-office-m%C3%B6glich-at-cito-transport-technologies-gmbh-4289877275?position=9&pageNum=60&refId=eXVGz0CrovspFKjcsWxdyA%3D%3D&trackingId=020WfVYpblqKTjKpyAoTxQ%3D%3D
ML Engineer - with Data Science Background (d/f/m),Personio,"Berlin, Berlin, Germany",https://de.linkedin.com/jobs/view/ml-engineer-with-data-science-background-d-f-m-at-personio-4289854991?position=10&pageNum=60&refId=eXVGz0CrovspFKjcsWxdyA%3D%3D&trackingId=lVfsVllqhcWLDEX4SpcMXA%3D%3D
Mac MDM Engineer (m/w/d),jemix GmbH,"Berlin, Berlin, Germany",https://de.linkedin.com/jobs/view/mac-mdm-engineer-m-w-d-at-jemix-gmbh-4291432383?position=1&pageNum=62&refId=4XwGo987LgD%2BrnaTu29qLQ%3D%3D&trackingId=LJ1sgB%2F90pi2EhYrOk%2Bsuw%3D%3D
Spezialist*in Anwendungsentwicklung (m/w/div),Deutsche Rentenversicherung Bund,"Berlin, Berlin, Germany",https://de.linkedin.com/jobs/view/spezialist-in-anwendungsentwicklung-m-w-div-at-deutsche-rentenversicherung-bund-4282238609?position=2&pageNum=62&refId=4XwGo987LgD%2BrnaTu29qLQ%3D%3D&trackingId=4M%2FiEiQH9rsTmKYcbrBtZg%3D%3D
Azure Cloud Engineer (m/w/d),ITS Informationstechnik Service GmbH,"Berlin, Berlin, Germany",https://de.linkedin.com/jobs/view/azure-cloud-engineer-m-w-d-at-its-informationstechnik-service-gmbh-4222680658?position=3&pageNum=62&refId=4XwGo987LgD%2BrnaTu29qLQ%3D%3D&trackingId=noQh3jgunZQkUNKsjSJ75Q%3D%3D
AI / Robotics Research Engineer,Promethion Industries,"Berlin, Berlin, Germany",https://de.linkedin.com/jobs/view/ai-robotics-research-engineer-at-promethion-industries-4288042362?position=4&pageNum=62&refId=4XwGo987LgD%2BrnaTu29qLQ%3D%3D&trackingId=n2caaGhikd5VHALTDbblEA%3D%3D
Staff AI Engineer,Picsart,"Berlin, Germany",https://de.linkedin.com/jobs/view/staff-ai-engineer-at-picsart-4249719917?position=5&pageNum=62&refId=4XwGo987LgD%2BrnaTu29qLQ%3D%3D&trackingId=I2c65e1oDJDUMjNoojvWnA%3D%3D
Lead Solution Engineer (f/m/d),Taktile,"Berlin, Berlin, Germany",https://de.linkedin.com/jobs/view/lead-solution-engineer-f-m-d-at-taktile-4122038742?position=6&pageNum=62&refId=4XwGo987LgD%2BrnaTu29qLQ%3D%3D&trackingId=Et%2FO5whNO9DI8eEHlsYJ9Q%3D%3D
Senior KYC Analyst,Moss,"Berlin, Berlin, Germany",https://de.linkedin.com/jobs/view/senior-kyc-analyst-at-moss-4275607260?position=7&pageNum=62&refId=4XwGo987LgD%2BrnaTu29qLQ%3D%3D&trackingId=DV46hR8Tqr%2FdqKcBzc0v0w%3D%3D
Staff Data Scientist (B2B Sales Optimisation),Oviva,"Berlin, Germany",https://de.linkedin.com/jobs/view/staff-data-scientist-b2b-sales-optimisation-at-oviva-4278325377?position=8&pageNum=62&refId=4XwGo987LgD%2BrnaTu29qLQ%3D%3D&trackingId=UlwREzfbSo1AyYUWGy1kIA%3D%3D
"Staff Engineer, Python - (Logistics, AI Autopilot)",Delivery Hero,"Berlin, Berlin, Germany",https://de.linkedin.com/jobs/view/staff-engineer-python-logistics-ai-autopilot-at-delivery-hero-4297844061?position=9&pageNum=62&refId=4XwGo987LgD%2BrnaTu29qLQ%3D%3D&trackingId=Jhg4LMu31DPEX1Am2%2BYARg%3D%3D
Ausbildung zur/zum Fachinformatiker/in für Anwendungsentwicklung (w/m/d),TieTalent,"Berlin, Berlin, Germany",https://de.linkedin.com/jobs/view/ausbildung-zur-zum-fachinformatiker-in-f%C3%BCr-anwendungsentwicklung-w-m-d-at-tietalent-4296111509?position=10&pageNum=62&refId=4XwGo987LgD%2BrnaTu29qLQ%3D%3D&trackingId=GqVq7CUaLGV4yShreDq9SQ%3D%3D
"Senior IT Engineer, MDM Tech (m,f,x)",HelloFresh,"Berlin, Berlin, Germany",https://de.linkedin.com/jobs/view/senior-it-engineer-mdm-tech-m-f-x-at-hellofresh-4291896942?position=1&pageNum=65&refId=%2F5xXhEDSlpgoPp6koCdBWg%3D%3D&trackingId=W5s%2FXYdy9HOCnT38P4jHEw%3D%3D
"Senior Engineer, Golang - (Quick Commerce)",Delivery Hero,"Berlin, Berlin, Germany",https://de.linkedin.com/jobs/view/senior-engineer-golang-quick-commerce-at-delivery-hero-4271304657?position=2&pageNum=65&refId=%2F5xXhEDSlpgoPp6koCdBWg%3D%3D&trackingId=9lbOhVSu8pZ0UBf1ryf4wQ%3D%3D
Senior Solution Area Specialist,Microsoft,"Brandenburg, Germany",https://de.linkedin.com/jobs/view/senior-solution-area-specialist-at-microsoft-4296906409?position=3&pageNum=65&refId=%2F5xXhEDSlpgoPp6koCdBWg%3D%3D&trackingId=vBLM2UzM5ffqs0ZKiF%2Fx6w%3D%3D
Backend Engineer - Data Warehouse,Taktile,"Berlin, Berlin, Germany",https://de.linkedin.com/jobs/view/backend-engineer-data-warehouse-at-taktile-4295061103?position=4&pageNum=65&refId=%2F5xXhEDSlpgoPp6koCdBWg%3D%3D&trackingId=ZLIvr%2BUFwBgOPaKrJQpwQw%3D%3D
Solutions Lead Germany (DACH),Gradyent,"Berlin, Berlin, Germany",https://de.linkedin.com/jobs/view/solutions-lead-germany-dach-at-gradyent-4092864447?position=5&pageNum=65&refId=%2F5xXhEDSlpgoPp6koCdBWg%3D%3D&trackingId=%2BXP8i6YIj4aalGyQx1J%2Bug%3D%3D
Werkstudent (m/w/d) Digital Transformation + Operations,YPOG,"Berlin, Berlin, Germany",https://de.linkedin.com/jobs/view/werkstudent-m-w-d-digital-transformation-%2B-operations-at-ypog-4297248696?position=6&pageNum=65&refId=%2F5xXhEDSlpgoPp6koCdBWg%3D%3D&trackingId=F21qgiQwf4tqgXROQIoyvw%3D%3D
Platform Engineer (m/f/d),getolo,"Berlin, Berlin, Germany",https://de.linkedin.com/jobs/view/platform-engineer-m-f-d-at-getolo-4283124876?position=7&pageNum=65&refId=%2F5xXhEDSlpgoPp6koCdBWg%3D%3D&trackingId=VIIOiaq1iCbYFQ32FOgBVA%3D%3D
Applied Research Engineer – LLM Training (f/m/d),Aleph Alpha,"Berlin, Berlin, Germany",https://de.linkedin.com/jobs/view/applied-research-engineer-%E2%80%93-llm-training-f-m-d-at-aleph-alpha-4297532583?position=8&pageNum=65&refId=%2F5xXhEDSlpgoPp6koCdBWg%3D%3D&trackingId=nADmcQOHV8%2FvWbAHT8awQw%3D%3D
GitOps Engineer (f/m/d),ThinPrint,"Berlin, Berlin, Germany",https://de.linkedin.com/jobs/view/gitops-engineer-f-m-d-at-thinprint-4204025527?position=9&pageNum=65&refId=%2F5xXhEDSlpgoPp6koCdBWg%3D%3D&trackingId=F58r1%2BlK0AdmXus%2BkAD1AA%3D%3D
"Engineer II, Golang - (SRE - Tech Foundations)",Delivery Hero,"Berlin, Berlin, Germany",https://de.linkedin.com/jobs/view/engineer-ii-golang-sre-tech-foundations-at-delivery-hero-4262874416?position=10&pageNum=65&refId=%2F5xXhEDSlpgoPp6koCdBWg%3D%3D&trackingId=bC%2BRX07T13YpkLFgXJtcZw%3D%3D
(Senior) Cloud Engineer / Linux-Spezialist (m/w/d),Xecuro,"Berlin, Berlin, Germany",https://de.linkedin.com/jobs/view/senior-cloud-engineer-linux-spezialist-m-w-d-at-xecuro-4133605010?position=1&pageNum=67&refId=F0C6VrC4Wpq6tceHVsJUlw%3D%3D&trackingId=McBzld1JIOl%2FFHQBqs6oUQ%3D%3D
Distributed Systems Performance Engineer,Snowflake,"Berlin, Berlin, Germany",https://de.linkedin.com/jobs/view/distributed-systems-performance-engineer-at-snowflake-4250527671?position=2&pageNum=67&refId=F0C6VrC4Wpq6tceHVsJUlw%3D%3D&trackingId=rmpgrR2Z2IVSsaTvg9z4IA%3D%3D
Senior Data & AI Platform Engineer (f/m/d),HUMANOO,"Berlin, Berlin, Germany",https://de.linkedin.com/jobs/view/senior-data-ai-platform-engineer-f-m-d-at-humanoo-4289626886?position=3&pageNum=67&refId=F0C6VrC4Wpq6tceHVsJUlw%3D%3D&trackingId=AntpuolUk0EVq2OZItnosg%3D%3D
Ausbildung zum Fachinformatiker (m/w/d) für Anwendungsentwicklung - Berlin,Nexus AG,"Berlin, Berlin, Germany",https://de.linkedin.com/jobs/view/ausbildung-zum-fachinformatiker-m-w-d-f%C3%BCr-anwendungsentwicklung-berlin-at-nexus-ag-4205461108?position=4&pageNum=67&refId=F0C6VrC4Wpq6tceHVsJUlw%3D%3D&trackingId=dp%2FbUO%2Bb%2FcqRwcNTI%2Byn7A%3D%3D
Business Development Analyst - IoT Monitoring & Business Transformation (m/w/d),Enpal,"Berlin, Berlin, Germany",https://de.linkedin.com/jobs/view/business-development-analyst-iot-monitoring-business-transformation-m-w-d-at-enpal-4222820616?position=5&pageNum=67&refId=F0C6VrC4Wpq6tceHVsJUlw%3D%3D&trackingId=9mO0sHO3rTMojLpWO%2ByDXA%3D%3D
Microsoft Infrastructure Engineer (m/f/d),eGroup,"Berlin, Germany",https://de.linkedin.com/jobs/view/microsoft-infrastructure-engineer-m-f-d-at-egroup-4247993345?position=6&pageNum=67&refId=F0C6VrC4Wpq6tceHVsJUlw%3D%3D&trackingId=6xmhyJcOGQiOkt%2Fxo96aZQ%3D%3D
Koordination ProFiL-Programm - Beschäftigte*r mit abgeschlossener wissenschaftlicher Hochschulbildung (d/m/w) - 70 % Arbeitszeit - Entgeltgruppe 13 TV-L Berliner Hochschulen,Technische Universität Berlin,"Berlin, Berlin, Germany",https://de.linkedin.com/jobs/view/koordination-profil-programm-besch%C3%A4ftigte-r-mit-abgeschlossener-wissenschaftlicher-hochschulbildung-d-m-w-70-%25-arbeitszeit-entgeltgruppe-13-tv-l-berliner-hochschulen-at-technische-universit%C3%A4t-berlin-4294634314?position=7&pageNum=67&refId=F0C6VrC4Wpq6tceHVsJUlw%3D%3D&trackingId=0odCImrM9VYYN%2BqCE7oLhA%3D%3D
Lead Platform Engineer (m/f/d),Journee,"Berlin, Germany",https://de.linkedin.com/jobs/view/lead-platform-engineer-m-f-d-at-journee-4068297886?position=8&pageNum=67&refId=F0C6VrC4Wpq6tceHVsJUlw%3D%3D&trackingId=clbx7DJdvsUG2s8nn9fjqw%3D%3D
Security Engineer - Technical Specialist,Trade Republic,"Berlin, Germany",https://de.linkedin.com/jobs/view/security-engineer-technical-specialist-at-trade-republic-4251578738?position=9&pageNum=67&refId=F0C6VrC4Wpq6tceHVsJUlw%3D%3D&trackingId=6M0ORPWI%2BLbXwqZkSwpR7A%3D%3D
Softwarearchitekt:in | Enterprise-Softwarearchitektur (m/w/d),TieTalent,"Berlin, Berlin, Germany",https://de.linkedin.com/jobs/view/softwarearchitekt-in-enterprise-softwarearchitektur-m-w-d-at-tietalent-4282796507?position=10&pageNum=67&refId=F0C6VrC4Wpq6tceHVsJUlw%3D%3D&trackingId=hDAJOTNM9XR4LifuiN383g%3D%3D
Security Engineer,NewStore,"Berlin, Berlin, Germany",https://de.linkedin.com/jobs/view/security-engineer-at-newstore-4278449501?position=1&pageNum=70&refId=AR1Ot9V6VEOGR%2FNv5Q7IyA%3D%3D&trackingId=ulHCKAuveVCWzpZlytJl9Q%3D%3D
Agent Orchestrator Intern,Choco,"Berlin, Germany",https://de.linkedin.com/jobs/view/agent-orchestrator-intern-at-choco-4294118178?position=2&pageNum=70&refId=AR1Ot9V6VEOGR%2FNv5Q7IyA%3D%3D&trackingId=hygu8lwwzsRQO9WYLeW0SQ%3D%3D
Data Scientist / AI Engineer (mwd),TieTalent,"Berlin, Berlin, Germany",https://de.linkedin.com/jobs/view/data-scientist-ai-engineer-mwd-at-tietalent-4283005322?position=3&pageNum=70&refId=AR1Ot9V6VEOGR%2FNv5Q7IyA%3D%3D&trackingId=RjsrwR3i1VmTPWtPYRlFdg%3D%3D
Medical Information & Regulatory Affairs (MIRA) Programm,Sanofi,"Berlin, Berlin, Germany",https://de.linkedin.com/jobs/view/medical-information-regulatory-affairs-mira-programm-at-sanofi-4280650080?position=4&pageNum=70&refId=AR1Ot9V6VEOGR%2FNv5Q7IyA%3D%3D&trackingId=HFLn1TvwUXoBUiTqOSLs5g%3D%3D
Senior Data Engineer AI (all genders),TeamViewer,"Berlin, Berlin, Germany",https://de.linkedin.com/jobs/view/senior-data-engineer-ai-all-genders-at-teamviewer-4294611828?position=5&pageNum=70&refId=AR1Ot9V6VEOGR%2FNv5Q7IyA%3D%3D&trackingId=EfEqu19PSxXb9S7PhT4tHA%3D%3D
Performance Engineer - Open Source,Canonical,"Berlin, Berlin, Germany",https://de.linkedin.com/jobs/view/performance-engineer-open-source-at-canonical-4068267265?position=6&pageNum=70&refId=AR1Ot9V6VEOGR%2FNv5Q7IyA%3D%3D&trackingId=tyiIcFaJZ%2B41LxPRrHDPUg%3D%3D
Werkstudent*in (m/w/d) Produktionstechnik,Beiersdorf,"Berlin, Berlin, Germany",https://de.linkedin.com/jobs/view/werkstudent-in-m-w-d-produktionstechnik-at-beiersdorf-4291148109?position=7&pageNum=70&refId=AR1Ot9V6VEOGR%2FNv5Q7IyA%3D%3D&trackingId=ICAHtB7qs9ZsJ6Ek0RxyHg%3D%3D
Implementation Engineer,Adyen,"Berlin, Berlin, Germany",https://de.linkedin.com/jobs/view/implementation-engineer-at-adyen-4287536217?position=8&pageNum=70&refId=AR1Ot9V6VEOGR%2FNv5Q7IyA%3D%3D&trackingId=KSHxrxf0TNypMOTCaqXsdA%3D%3D
Growth Hacker (Equity-only),Capstacker,"Berlin, Germany",https://de.linkedin.com/jobs/view/growth-hacker-equity-only-at-capstacker-4292225502?position=9&pageNum=70&refId=AR1Ot9V6VEOGR%2FNv5Q7IyA%3D%3D&trackingId=MNZpsJgYQjRSxCeViC8b0w%3D%3D
Back-end Engineer - Platform Team,Taktile,"Berlin, Berlin, Germany",https://de.linkedin.com/jobs/view/back-end-engineer-platform-team-at-taktile-4263494115?position=10&pageNum=70&refId=AR1Ot9V6VEOGR%2FNv5Q7IyA%3D%3D&trackingId=htr0q8vVe12CeYQXvrisgg%3D%3D
Salesforce Business Analyst,revsolut GmbH,"Berlin, Germany",https://de.linkedin.com/jobs/view/salesforce-business-analyst-at-revsolut-gmbh-4298177442?position=1&pageNum=72&refId=bGxlO0O1qk0eLZnoq53F9g%3D%3D&trackingId=FCvr6ByxkxbfyCN20OmAvQ%3D%3D
Spezialist Innovation und Analyse im Kontakt-Center (m/w/d),S-Kreditpartner,"Berlin, Berlin, Germany",https://de.linkedin.com/jobs/view/spezialist-innovation-und-analyse-im-kontakt-center-m-w-d-at-s-kreditpartner-4275382068?position=2&pageNum=72&refId=bGxlO0O1qk0eLZnoq53F9g%3D%3D&trackingId=80wHoYRE3tBP5gcCNIpfjQ%3D%3D
IT System Engineer KI (m/w/d),BWI GmbH,"Berlin, Berlin, Germany",https://de.linkedin.com/jobs/view/it-system-engineer-ki-m-w-d-at-bwi-gmbh-4295959885?position=3&pageNum=72&refId=bGxlO0O1qk0eLZnoq53F9g%3D%3D&trackingId=T2AMYyebBOBeINy8HcZrog%3D%3D
Business Analyst (w/m/d) - Netzleitsystem der Zukunft,50Hertz Transmission GmbH,"Berlin, Berlin, Germany",https://de.linkedin.com/jobs/view/business-analyst-w-m-d-netzleitsystem-der-zukunft-at-50hertz-transmission-gmbh-4283285897?position=4&pageNum=72&refId=bGxlO0O1qk0eLZnoq53F9g%3D%3D&trackingId=wtB3SW0sFJawm%2BR4iPkCbA%3D%3D
"Senior GRC Analyst (m,f,x)",HelloFresh,"Berlin, Berlin, Germany",https://de.linkedin.com/jobs/view/senior-grc-analyst-m-f-x-at-hellofresh-4275088522?position=5&pageNum=72&refId=bGxlO0O1qk0eLZnoq53F9g%3D%3D&trackingId=kuWJCjG%2BdJJwqKZr8yOxbw%3D%3D
Optimization Research Engineer (m/w/d),Smart Steel Technologies,"Berlin, Berlin, Germany",https://de.linkedin.com/jobs/view/optimization-research-engineer-m-w-d-at-smart-steel-technologies-4287690145?position=6&pageNum=72&refId=bGxlO0O1qk0eLZnoq53F9g%3D%3D&trackingId=ufI8th99pXtQBuDkaMNHfg%3D%3D
FICO Business System Analyst (f/m/d),Siemens Energy,"Berlin, Berlin, Germany",https://de.linkedin.com/jobs/view/fico-business-system-analyst-f-m-d-at-siemens-energy-4296006339?position=7&pageNum=72&refId=bGxlO0O1qk0eLZnoq53F9g%3D%3D&trackingId=wXCmoGeRU7iVtP5ZcjOfgA%3D%3D
Python Developer (m/w/d),SIDES,"Berlin, Berlin, Germany",https://de.linkedin.com/jobs/view/python-developer-m-w-d-at-sides-4289698274?position=8&pageNum=72&refId=bGxlO0O1qk0eLZnoq53F9g%3D%3D&trackingId=5LivDMqPAXTI4Wq0efCnQA%3D%3D
Factory Digital Twin Developer and Factory Data Scientist (f/m/d),Siemens Energy,"Berlin, Berlin, Germany",https://de.linkedin.com/jobs/view/factory-digital-twin-developer-and-factory-data-scientist-f-m-d-at-siemens-energy-4279277655?position=9&pageNum=72&refId=bGxlO0O1qk0eLZnoq53F9g%3D%3D&trackingId=INddpUUcAPF2hAjabVx7Mg%3D%3D
Software Engineer - Berlin (x/f/m),Doctolib,"Berlin, Germany",https://de.linkedin.com/jobs/view/software-engineer-berlin-x-f-m-at-doctolib-4288693728?position=10&pageNum=72&refId=bGxlO0O1qk0eLZnoq53F9g%3D%3D&trackingId=bKq3M0BnIVbU1QWJqKELKA%3D%3D
Werkstudent Digital Transformation / Tax Technology (w/m/d),GETEC Group,"Berlin, Berlin, Germany",https://de.linkedin.com/jobs/view/werkstudent-digital-transformation-tax-technology-w-m-d-at-getec-group-4264458335?position=1&pageNum=75&refId=JK3Mr0%2FBS4mUAXWqfYpzPw%3D%3D&trackingId=fMotFu%2BMQnkikmowGS7wyQ%3D%3D
Cloud Engineer (Container),DKB | Deutsche Kreditbank AG,"Berlin, Berlin, Germany",https://de.linkedin.com/jobs/view/cloud-engineer-container-at-dkb-deutsche-kreditbank-ag-4271443851?position=2&pageNum=75&refId=JK3Mr0%2FBS4mUAXWqfYpzPw%3D%3D&trackingId=XQpZ5XxAJqiLPOAdlhDzoQ%3D%3D
Senior Data Scientist – Search (m|w|d),idealo internet GmbH,"Berlin, Berlin, Germany",https://de.linkedin.com/jobs/view/senior-data-scientist-%E2%80%93-search-m-w-d-at-idealo-internet-gmbh-4292172800?position=3&pageNum=75&refId=JK3Mr0%2FBS4mUAXWqfYpzPw%3D%3D&trackingId=KoXpXUTSiWOyeTsBFN62tQ%3D%3D
Software Engineer – Golang (m/w/d) - Gigafactory Berlin-Brandenburg,Tesla,"Grünheide, Brandenburg, Germany",https://de.linkedin.com/jobs/view/software-engineer-%E2%80%93-golang-m-w-d-gigafactory-berlin-brandenburg-at-tesla-4274114055?position=4&pageNum=75&refId=JK3Mr0%2FBS4mUAXWqfYpzPw%3D%3D&trackingId=T6XRUheZEjAjoks%2FNb8r5w%3D%3D
Technical Solutions Engineer,8returns,"Berlin, Berlin, Germany",https://de.linkedin.com/jobs/view/technical-solutions-engineer-at-8returns-4282142452?position=5&pageNum=75&refId=JK3Mr0%2FBS4mUAXWqfYpzPw%3D%3D&trackingId=6EHk9tPtIajPRcNIT5BFNw%3D%3D
Autopilot Engineer,STARK,"Berlin, Berlin, Germany",https://de.linkedin.com/jobs/view/autopilot-engineer-at-stark-4271061692?position=6&pageNum=75&refId=JK3Mr0%2FBS4mUAXWqfYpzPw%3D%3D&trackingId=cBM3KLddTSHei7AMZAFI%2FQ%3D%3D
Technischer Koordinator / Mitarbeiter im Testlabor (m/w/d),COMPUTER BILD,"Berlin, Germany",https://de.linkedin.com/jobs/view/technischer-koordinator-mitarbeiter-im-testlabor-m-w-d-at-computer-bild-4211482002?position=7&pageNum=75&refId=JK3Mr0%2FBS4mUAXWqfYpzPw%3D%3D&trackingId=pwZNth%2FTUUqnGylFKqX8CQ%3D%3D
Linux Cryptography and Security Engineer,Canonical,"Berlin, Berlin, Germany",https://de.linkedin.com/jobs/view/linux-cryptography-and-security-engineer-at-canonical-4284598018?position=8&pageNum=75&refId=JK3Mr0%2FBS4mUAXWqfYpzPw%3D%3D&trackingId=y8pvh6bg3ntIp558muFCvw%3D%3D
Elektronikentwickler Hard- und Software (m/w/d),Amoria Bond,"Berlin, Berlin, Germany",https://de.linkedin.com/jobs/view/elektronikentwickler-hard-und-software-m-w-d-at-amoria-bond-4277394729?position=9&pageNum=75&refId=JK3Mr0%2FBS4mUAXWqfYpzPw%3D%3D&trackingId=bYezUTvpDbZiNrWcL4h92g%3D%3D
Expert Data Engineering & Data Architecture (all genders),Diconium,"Berlin, Berlin, Germany",https://de.linkedin.com/jobs/view/expert-data-engineering-data-architecture-all-genders-at-diconium-4234462702?position=10&pageNum=75&refId=JK3Mr0%2FBS4mUAXWqfYpzPw%3D%3D&trackingId=r3O19XRG4INLLDkXSVmNWw%3D%3D
Machine Learning Engineer,Experis,"Berlin, Berlin, Germany",https://de.linkedin.com/jobs/view/machine-learning-engineer-at-experis-4294095702?position=1&pageNum=77&refId=ZnH26XEHsOWTLD4e%2FsnMHQ%3D%3D&trackingId=znupnG2Fpu%2FKr8VMrm1uTQ%3D%3D
Junior Software Engineer,Bending Spoons,"Berlin, Berlin, Germany",https://de.linkedin.com/jobs/view/junior-software-engineer-at-bending-spoons-4294890932?position=2&pageNum=77&refId=ZnH26XEHsOWTLD4e%2FsnMHQ%3D%3D&trackingId=%2BGYOsBWUOrQAAZyZm932mA%3D%3D
Business-Analyst:in,Empion,Berlin Metropolitan Area,https://de.linkedin.com/jobs/view/business-analyst-in-at-empion-4297283886?position=3&pageNum=77&refId=ZnH26XEHsOWTLD4e%2FsnMHQ%3D%3D&trackingId=NiuUyrOLmfj1BSWy5zUZIA%3D%3D
Spezialist Innovation und Analyse im Kontakt-Center (m/w/d),S-Kreditpartner,"Berlin, Berlin, Germany",https://de.linkedin.com/jobs/view/spezialist-innovation-und-analyse-im-kontakt-center-m-w-d-at-s-kreditpartner-4268570640?position=4&pageNum=77&refId=ZnH26XEHsOWTLD4e%2FsnMHQ%3D%3D&trackingId=sHrrD9NIhgJX4bYh3n0W7g%3D%3D
Ubuntu Security Engineer,Canonical,"Berlin, Berlin, Germany",https://de.linkedin.com/jobs/view/ubuntu-security-engineer-at-canonical-4284599416?position=5&pageNum=77&refId=ZnH26XEHsOWTLD4e%2FsnMHQ%3D%3D&trackingId=uk7UaCYpQJwTXR2b8Zq5kg%3D%3D
EMEA - Engineering Enablement Specialist,vCluster,"Berlin, Berlin, Germany",https://de.linkedin.com/jobs/view/emea-engineering-enablement-specialist-at-vcluster-4292930084?position=6&pageNum=77&refId=ZnH26XEHsOWTLD4e%2FsnMHQ%3D%3D&trackingId=uewWQqCBXRlpEJ77%2BuC8hw%3D%3D
Automation & AI Intern @ handly - 20VC backed,handly,"Berlin, Berlin, Germany",https://de.linkedin.com/jobs/view/automation-ai-intern-%40-handly-20vc-backed-at-handly-4289843028?position=7&pageNum=77&refId=ZnH26XEHsOWTLD4e%2FsnMHQ%3D%3D&trackingId=RlhNHibd9sQnK%2FOEs652xg%3D%3D
Senior Computer Vision Engineer,develop,"Berlin, Berlin, Germany",https://de.linkedin.com/jobs/view/senior-computer-vision-engineer-at-develop-4294971507?position=8&pageNum=77&refId=ZnH26XEHsOWTLD4e%2FsnMHQ%3D%3D&trackingId=JznHTi9nuL2ZQfNy%2Fq4zIg%3D%3D
Principal Engineer - AI & Cloud Infrastructure (m/w/d),Vivecti Group,"Berlin, Berlin, Germany",https://de.linkedin.com/jobs/view/principal-engineer-ai-cloud-infrastructure-m-w-d-at-vivecti-group-4287121054?position=9&pageNum=77&refId=ZnH26XEHsOWTLD4e%2FsnMHQ%3D%3D&trackingId=L%2F3%2FZN5YIMuj0kWoNC0qkQ%3D%3D
Founding Engineer D/F/M,Tekkr,"Berlin, Berlin, Germany",https://de.linkedin.com/jobs/view/founding-engineer-d-f-m-at-tekkr-4292209992?position=10&pageNum=77&refId=ZnH26XEHsOWTLD4e%2FsnMHQ%3D%3D&trackingId=a6xpM0RW42hUTaPWvP%2BurA%3D%3D
Service Engineer / Technische Kundenbetreuung (w/m/d),TieTalent,"Berlin, Berlin, Germany",https://de.linkedin.com/jobs/view/service-engineer-technische-kundenbetreuung-w-m-d-at-tietalent-4289011845?position=1&pageNum=80&refId=6h2JOAFs7vge1OzQTOFcTw%3D%3D&trackingId=i96AP8uZDEEvSAkbS8Nyfw%3D%3D
Business Analyst Datenmigration (all genders),adesso SE,"Berlin, Berlin, Germany",https://de.linkedin.com/jobs/view/business-analyst-datenmigration-all-genders-at-adesso-se-4294593609?position=2&pageNum=80&refId=6h2JOAFs7vge1OzQTOFcTw%3D%3D&trackingId=zHv4KwnemnLlPJMrEQHPBg%3D%3D
Machine Learning (GenAI) Engineer,Orange Quarter,"Berlin, Germany",https://de.linkedin.com/jobs/view/machine-learning-genai-engineer-at-orange-quarter-4291792916?position=3&pageNum=80&refId=6h2JOAFs7vge1OzQTOFcTw%3D%3D&trackingId=2gJxgVueL6lYhlzOiA1Xbw%3D%3D
Python Developer,TechNET IT Recruitment Ltd,"Berlin, Germany",https://de.linkedin.com/jobs/view/python-developer-at-technet-it-recruitment-ltd-4290721914?position=4&pageNum=80&refId=6h2JOAFs7vge1OzQTOFcTw%3D%3D&trackingId=UGjlxR%2BSFCtYejyLazB2xg%3D%3D
Mathematiker als Data Engineer (m/w/d)- Gesamtverband der Deutschen Versicherungswirtschaft e. V.,GDV Gesamtverband der Deutschen Versicherungswirtschaft e.V.,"Berlin, Berlin, Germany",https://de.linkedin.com/jobs/view/mathematiker-als-data-engineer-m-w-d-gesamtverband-der-deutschen-versicherungswirtschaft-e-v-at-gdv-gesamtverband-der-deutschen-versicherungswirtschaft-e-v-4283445921?position=5&pageNum=80&refId=6h2JOAFs7vge1OzQTOFcTw%3D%3D&trackingId=qg99LMigmZOat1Rt17vn8A%3D%3D
Legal Engineer (w/m/d),Osborne Clarke Germany,"Berlin, Berlin, Germany",https://de.linkedin.com/jobs/view/legal-engineer-w-m-d-at-osborne-clarke-germany-4297255582?position=6&pageNum=80&refId=6h2JOAFs7vge1OzQTOFcTw%3D%3D&trackingId=eI%2BNqH%2F%2BrP26mJ6dvKaNPg%3D%3D
"Graduate Computer Science, Full Stack Developer AWS, Autonomous Drones, Berlin",ArrowTec GmbH,"Berlin, Berlin, Germany",https://de.linkedin.com/jobs/view/graduate-computer-science-full-stack-developer-aws-autonomous-drones-berlin-at-arrowtec-gmbh-4291216629?position=7&pageNum=80&refId=6h2JOAFs7vge1OzQTOFcTw%3D%3D&trackingId=DP6EZgBfye5ovY5hkvQOqg%3D%3D
Software Engineer – SCADA (m/w/d) - Gigafactory Berlin-Brandenburg,Tesla,"Grünheide, Brandenburg, Germany",https://de.linkedin.com/jobs/view/software-engineer-%E2%80%93-scada-m-w-d-gigafactory-berlin-brandenburg-at-tesla-4287841126?position=8&pageNum=80&refId=6h2JOAFs7vge1OzQTOFcTw%3D%3D&trackingId=Zl5YQzypfoX%2FRu9cvjwGSA%3D%3D
Senior Analyst - Hotel Division (m/f/d),Aroundtown,"Berlin, Berlin, Germany",https://de.linkedin.com/jobs/view/senior-analyst-hotel-division-m-f-d-at-aroundtown-4242533627?position=9&pageNum=80&refId=6h2JOAFs7vge1OzQTOFcTw%3D%3D&trackingId=VHLMAuyD%2FaJOL57LCkZ5Fg%3D%3D
Senior FP&A Analyst- VC Backed Scale Up- Berlin- TWE42633,twentyAI,"Berlin, Germany",https://de.linkedin.com/jobs/view/senior-fp-a-analyst-vc-backed-scale-up-berlin-twe42633-at-twentyai-4285014602?position=10&pageNum=80&refId=6h2JOAFs7vge1OzQTOFcTw%3D%3D&trackingId=Kb0pfv%2FkT4LSt5jPPGRHhg%3D%3D
"Machine Learning Engineer, AI Systems (all genders)",Doodle,"Berlin, Berlin, Germany",https://de.linkedin.com/jobs/view/machine-learning-engineer-ai-systems-all-genders-at-doodle-4291912815?position=1&pageNum=82&refId=9mbkfBe9pZMyK02w89awWQ%3D%3D&trackingId=RpzY1ooQp3HmYwrFU6ewRQ%3D%3D
Business Analyst Datenmigration (all genders),adesso insurance solutions GmbH,"Berlin, Berlin, Germany",https://de.linkedin.com/jobs/view/business-analyst-datenmigration-all-genders-at-adesso-insurance-solutions-gmbh-4294599115?position=2&pageNum=82&refId=9mbkfBe9pZMyK02w89awWQ%3D%3D&trackingId=64upWGdJtxL1q4ClYTMfNg%3D%3D
Assortment & Pricing Analyst (m/f/d),Flink,"Berlin, Berlin, Germany",https://de.linkedin.com/jobs/view/assortment-pricing-analyst-m-f-d-at-flink-4294052680?position=3&pageNum=82&refId=9mbkfBe9pZMyK02w89awWQ%3D%3D&trackingId=mkCWMHruGqmcYEuyk7Y3DQ%3D%3D
PhD Researcher / Research Assistant – Autonomous Driving & Perception Stack,HERE Technologies,"Berlin, Berlin, Germany",https://de.linkedin.com/jobs/view/phd-researcher-research-assistant-%E2%80%93-autonomous-driving-perception-stack-at-here-technologies-4260447566?position=4&pageNum=82&refId=9mbkfBe9pZMyK02w89awWQ%3D%3D&trackingId=qw4jhSFuMxv7wHzzEvx9sg%3D%3D
Integration and IP Evaluation Engineer,Codasip,"Berlin, Berlin, Germany",https://de.linkedin.com/jobs/view/integration-and-ip-evaluation-engineer-at-codasip-4284436745?position=5&pageNum=82&refId=9mbkfBe9pZMyK02w89awWQ%3D%3D&trackingId=J7vz4YJYhHQXPs2bN%2B8dDw%3D%3D
Customer Data Platform Engineer - Salesforce Data Cloud (all genders),adesso SE,"Berlin, Berlin, Germany",https://de.linkedin.com/jobs/view/customer-data-platform-engineer-salesforce-data-cloud-all-genders-at-adesso-se-4240793976?position=6&pageNum=82&refId=9mbkfBe9pZMyK02w89awWQ%3D%3D&trackingId=CCRSQAp0YvY5YXEOSGuNtw%3D%3D
Postdoctoral Researcher (m/f/x) - Data Intensive Internet Computing,Hasso Plattner Institute,"Potsdam, Brandenburg, Germany",https://de.linkedin.com/jobs/view/postdoctoral-researcher-m-f-x-data-intensive-internet-computing-at-hasso-plattner-institute-4245873559?position=7&pageNum=82&refId=9mbkfBe9pZMyK02w89awWQ%3D%3D&trackingId=fz5DXl8HlxqFps8bg%2BpPAg%3D%3D
Business Analyst ERP (w/m/d),IONOS,"Berlin, Berlin, Germany",https://de.linkedin.com/jobs/view/business-analyst-erp-w-m-d-at-ionos-4293912394?position=8&pageNum=82&refId=9mbkfBe9pZMyK02w89awWQ%3D%3D&trackingId=z7RsfL7qinXxkGTvpUj9Vw%3D%3D
AI Automation Specialist (m/w/d),Mercanis,"Berlin, Berlin, Germany",https://de.linkedin.com/jobs/view/ai-automation-specialist-m-w-d-at-mercanis-4297507639?position=9&pageNum=82&refId=9mbkfBe9pZMyK02w89awWQ%3D%3D&trackingId=yLK6liF1vk4dAYlumt%2Famg%3D%3D
Software Engineer Working Student/Intern,Taktile,"Berlin, Berlin, Germany",https://de.linkedin.com/jobs/view/software-engineer-working-student-intern-at-taktile-4205745296?position=10&pageNum=82&refId=9mbkfBe9pZMyK02w89awWQ%3D%3D&trackingId=M36OfjLfT5DrevWIC64ISg%3D%3D
Senior System Engineer (m/w/d) Schwerpunkt Backup und Storage,Ratiodata,"Berlin, Germany",https://de.linkedin.com/jobs/view/senior-system-engineer-m-w-d-schwerpunkt-backup-und-storage-at-ratiodata-4286433972?position=1&pageNum=85&refId=BDsNFxPaXH7iYSxyMq9dYQ%3D%3D&trackingId=G2uHgIE%2FdReKjr4Ehiuj5w%3D%3D
Freelance Annotator (Japanese) - AI Trainer,Toloka Annotators,"Berlin, Berlin, Germany",https://de.linkedin.com/jobs/view/freelance-annotator-japanese-ai-trainer-at-toloka-annotators-4293761922?position=2&pageNum=85&refId=BDsNFxPaXH7iYSxyMq9dYQ%3D%3D&trackingId=dScj6JRCOUyDbERHrlL90Q%3D%3D
"2025 Applied Scientist Internship, Amazon University Talent Acquisition",Amazon Web Services (AWS),"Berlin, Berlin, Germany",https://de.linkedin.com/jobs/view/2025-applied-scientist-internship-amazon-university-talent-acquisition-at-amazon-web-services-aws-4048220680?position=3&pageNum=85&refId=BDsNFxPaXH7iYSxyMq9dYQ%3D%3D&trackingId=uNz7G27iWyr3PozaI3agXw%3D%3D
Solutions Engineer (m/f/d) - Connext Vivendi,voize,"Berlin, Berlin, Germany",https://de.linkedin.com/jobs/view/solutions-engineer-m-f-d-connext-vivendi-at-voize-4261796642?position=4&pageNum=85&refId=BDsNFxPaXH7iYSxyMq9dYQ%3D%3D&trackingId=YXKd6olvJrjjZAF4Cb9qWQ%3D%3D
Data Scientist – Berlin,Trade Republic,"Berlin, Germany",https://de.linkedin.com/jobs/view/data-scientist-%E2%80%93-berlin-at-trade-republic-4291309045?position=5&pageNum=85&refId=BDsNFxPaXH7iYSxyMq9dYQ%3D%3D&trackingId=8FQCzLnNjuG1McnL3e4m1A%3D%3D
"Systems Engineer, Managed Operations",Amazon Web Services (AWS),"Berlin, Germany",https://de.linkedin.com/jobs/view/systems-engineer-managed-operations-at-amazon-web-services-aws-4294942704?position=6&pageNum=85&refId=BDsNFxPaXH7iYSxyMq9dYQ%3D%3D&trackingId=hFBxG0yj8Dr0JHLc%2BNoPXA%3D%3D
Machine Learning Engineer - Content Solutions,Zalando,"Berlin, Berlin, Germany",https://de.linkedin.com/jobs/view/machine-learning-engineer-content-solutions-at-zalando-4124975030?position=7&pageNum=85&refId=BDsNFxPaXH7iYSxyMq9dYQ%3D%3D&trackingId=0wuB0LwO%2F%2Fu%2FBdXHjRuIZw%3D%3D
Developer Advocate,Embeddable,"Berlin, Berlin, Germany",https://de.linkedin.com/jobs/view/developer-advocate-at-embeddable-4295428098?position=8&pageNum=85&refId=BDsNFxPaXH7iYSxyMq9dYQ%3D%3D&trackingId=EqdM1bXo7MCrmcsrlOuiEw%3D%3D
Tech Programmer,Metacore,"Berlin, Berlin, Germany",https://de.linkedin.com/jobs/view/tech-programmer-at-metacore-4287998729?position=9&pageNum=85&refId=BDsNFxPaXH7iYSxyMq9dYQ%3D%3D&trackingId=oXbhHBfXGNHgUauund44xA%3D%3D
Game Designer,CrazyLabs,"Berlin, Berlin, Germany",https://de.linkedin.com/jobs/view/game-designer-at-crazylabs-4295341770?position=10&pageNum=85&refId=BDsNFxPaXH7iYSxyMq9dYQ%3D%3D&trackingId=2u8icpbn2%2FClHR8GsGYOEQ%3D%3D
Principal Data Scientist - Search and Recommendation (all genders),Zalando,"Berlin, Berlin, Germany",https://de.linkedin.com/jobs/view/principal-data-scientist-search-and-recommendation-all-genders-at-zalando-4278547279?position=1&pageNum=87&refId=Fmsei8OvX6TVacx%2F55GbhQ%3D%3D&trackingId=km7ibjruAJRHyhs6agJgFQ%3D%3D
"Mathematiker*in / Physiker*in für KI, Machine Learning & Modellierung",EMPIT,"Berlin, Berlin, Germany",https://de.linkedin.com/jobs/view/mathematiker-in-physiker-in-f%C3%BCr-ki-machine-learning-modellierung-at-empit-4175453333?position=2&pageNum=87&refId=Fmsei8OvX6TVacx%2F55GbhQ%3D%3D&trackingId=aqgP2M75g99Lnf9C4p%2FnTQ%3D%3D
Big Data Engineer (all genders),Amadeus,"Berlin, Berlin, Germany",https://de.linkedin.com/jobs/view/big-data-engineer-all-genders-at-amadeus-4265192386?position=3&pageNum=87&refId=Fmsei8OvX6TVacx%2F55GbhQ%3D%3D&trackingId=zN6PkM5YdB2NkKKkv4%2BiAg%3D%3D
Data Science Solutions Engineer (m/f/d),ZEIT Verlagsgruppe,"Berlin, Berlin, Germany",https://de.linkedin.com/jobs/view/data-science-solutions-engineer-m-f-d-at-zeit-verlagsgruppe-4282303214?position=4&pageNum=87&refId=Fmsei8OvX6TVacx%2F55GbhQ%3D%3D&trackingId=2oEgddu1kxhnpzXBxTOPow%3D%3D
Senior Data Engineer for AI Product,Qonto,"Berlin, Berlin, Germany",https://de.linkedin.com/jobs/view/senior-data-engineer-for-ai-product-at-qonto-4291889329?position=5&pageNum=87&refId=Fmsei8OvX6TVacx%2F55GbhQ%3D%3D&trackingId=G5%2BJdg48xBbS5FedpBOGZA%3D%3D
Senior Software Developer (Remote or Relocate),Propellerhead,"Berlin, Berlin, Germany",https://de.linkedin.com/jobs/view/senior-software-developer-remote-or-relocate-at-propellerhead-4280241520?position=6&pageNum=87&refId=Fmsei8OvX6TVacx%2F55GbhQ%3D%3D&trackingId=1vaxlRrVmbZUz7lEqa777A%3D%3D
Customer Strategy & Innovation Analyst,Atlas Metrics,"Berlin, Germany",https://de.linkedin.com/jobs/view/customer-strategy-innovation-analyst-at-atlas-metrics-4289939821?position=7&pageNum=87&refId=Fmsei8OvX6TVacx%2F55GbhQ%3D%3D&trackingId=%2F%2B3iewXtocJc9KmYbCO1VA%3D%3D
INTERNSHIP – VOLUMETRIC XR DEVELOPER (M/F/D),Volucap,"Potsdam, Brandenburg, Germany",https://de.linkedin.com/jobs/view/internship-%E2%80%93-volumetric-xr-developer-m-f-d-at-volucap-4119545868?position=8&pageNum=87&refId=Fmsei8OvX6TVacx%2F55GbhQ%3D%3D&trackingId=Yyf3OZfX5sMPYX9oyW5sCw%3D%3D
Oracle APEX und PL/SQL Entwickler (m/w/d),Fichtner IT Consulting GmbH,"Berlin, Berlin, Germany",https://de.linkedin.com/jobs/view/oracle-apex-und-pl-sql-entwickler-m-w-d-at-fichtner-it-consulting-gmbh-4148265859?position=9&pageNum=87&refId=Fmsei8OvX6TVacx%2F55GbhQ%3D%3D&trackingId=MLCed8RELrPuvZHBxLpZrA%3D%3D
Business Analyst (f/m/d),Flatpay,"Berlin, Berlin, Germany",https://de.linkedin.com/jobs/view/business-analyst-f-m-d-at-flatpay-4281044389?position=10&pageNum=87&refId=Fmsei8OvX6TVacx%2F55GbhQ%3D%3D&trackingId=2mB4BhpRMotVSPb3ikb2Sg%3D%3D
Sr Python Developer,Talonic,"Berlin, Germany",https://de.linkedin.com/jobs/view/sr-python-developer-at-talonic-4297599267?position=1&pageNum=90&refId=%2FUQXHjLiOXpMzi1fAJqKWg%3D%3D&trackingId=0%2Fnjt3dG4vdkSUbmpqQRvQ%3D%3D
Business Analyst DACH (m/w/d),Odoo,"Berlin, Germany",https://de.linkedin.com/jobs/view/business-analyst-dach-m-w-d-at-odoo-4285728023?position=2&pageNum=90&refId=%2FUQXHjLiOXpMzi1fAJqKWg%3D%3D&trackingId=CCbklk8f5DPfhnDOdj6Sig%3D%3D
Technical AI Solution Engineer (m/w/d) Bereitstellung und technische Implementierung der KI-Lösungen,macros Consulting Group,"Berlin, Berlin, Germany",https://de.linkedin.com/jobs/view/technical-ai-solution-engineer-m-w-d-bereitstellung-und-technische-implementierung-der-ki-l%C3%B6sungen-at-macros-consulting-group-4288231790?position=3&pageNum=90&refId=%2FUQXHjLiOXpMzi1fAJqKWg%3D%3D&trackingId=kIvNaTaD3o8t6bjvXTqxWA%3D%3D
Web Developer:in | Wordpress,mysecurityevent Community für eine digital sichere Welt,"Berlin, Germany",https://de.linkedin.com/jobs/view/web-developer-in-wordpress-at-mysecurityevent-community-f%C3%BCr-eine-digital-sichere-welt-4295879286?position=4&pageNum=90&refId=%2FUQXHjLiOXpMzi1fAJqKWg%3D%3D&trackingId=jk8RxErCyF3g2kFKEGaYKA%3D%3D
KI-Technologie-Spezialist (w/m/d) mit Fullstack-Expertise,bitgrip GmbH,"Berlin, Berlin, Germany",https://de.linkedin.com/jobs/view/ki-technologie-spezialist-w-m-d-mit-fullstack-expertise-at-bitgrip-gmbh-4187996175?position=5&pageNum=90&refId=%2FUQXHjLiOXpMzi1fAJqKWg%3D%3D&trackingId=BERe%2Frs%2FIyIxVzpynaSwZQ%3D%3D
Junior Consultant / Analyst Bank und Versicherung (w|m|d),zeb consulting,"Berlin, Berlin, Germany",https://de.linkedin.com/jobs/view/junior-consultant-analyst-bank-und-versicherung-w-m-d-at-zeb-consulting-4224513442?position=6&pageNum=90&refId=%2FUQXHjLiOXpMzi1fAJqKWg%3D%3D&trackingId=ttTJHh69iVPndd6sXd5%2BqA%3D%3D
"Software Engineer, Tasking",Planet,"Berlin, Berlin, Germany",https://de.linkedin.com/jobs/view/software-engineer-tasking-at-planet-4281694093?position=7&pageNum=90&refId=%2FUQXHjLiOXpMzi1fAJqKWg%3D%3D&trackingId=JQEhHHPMayiRQ8by1R6siw%3D%3D
Solution Engineer,Adyen,"Berlin, Berlin, Germany",https://de.linkedin.com/jobs/view/solution-engineer-at-adyen-4287534330?position=8&pageNum=90&refId=%2FUQXHjLiOXpMzi1fAJqKWg%3D%3D&trackingId=RFrADekEzXyYQz3QIPUQUw%3D%3D
"Engineer ll, Golang - ( Tech Portal, Tech Foundations)",Delivery Hero,"Berlin, Berlin, Germany",https://de.linkedin.com/jobs/view/engineer-ll-golang-tech-portal-tech-foundations-at-delivery-hero-4273708787?position=9&pageNum=90&refId=%2FUQXHjLiOXpMzi1fAJqKWg%3D%3D&trackingId=r5zfBj%2BPvXdSQK7CxssMfA%3D%3D
Business Analyst eCommerce (m/w/d),PharmaHera Service GmbH,"Berlin, Berlin, Germany",https://de.linkedin.com/jobs/view/business-analyst-ecommerce-m-w-d-at-pharmahera-service-gmbh-4262825017?position=10&pageNum=90&refId=%2FUQXHjLiOXpMzi1fAJqKWg%3D%3D&trackingId=pP1S%2FcMsbYhCceAdZB7%2F5Q%3D%3D
Business Analyst,Ambrosys,"Potsdam, Brandenburg, Germany",https://de.linkedin.com/jobs/view/business-analyst-at-ambrosys-4296406170?position=1&pageNum=92&refId=FjBuv3FeuOrXV17TskLPwA%3D%3D&trackingId=SroEeOzXc%2F%2BODsHMO1lBLw%3D%3D
Ausbildung Fachinformatik - Anwendungsentwicklung (m/w/d) - Standort Berlin - Start: 2026,B.i.Team Gesellschaft für Softwareberatung mbH,"Berlin, Berlin, Germany",https://de.linkedin.com/jobs/view/ausbildung-fachinformatik-anwendungsentwicklung-m-w-d-standort-berlin-start-2026-at-b-i-team-gesellschaft-f%C3%BCr-softwareberatung-mbh-4294414659?position=2&pageNum=92&refId=FjBuv3FeuOrXV17TskLPwA%3D%3D&trackingId=3yNxg0%2BBEZqiH0EEz7kIcw%3D%3D
Technical Lead (Full-Stack) - Early-Team AI Start-up,Glorya GmbH,"Berlin, Berlin, Germany",https://de.linkedin.com/jobs/view/technical-lead-full-stack-early-team-ai-start-up-at-glorya-gmbh-4291702239?position=3&pageNum=92&refId=FjBuv3FeuOrXV17TskLPwA%3D%3D&trackingId=sl1NA8txeRUt4pzve2HDJw%3D%3D
Game Developer,Snowprint Studios,"Berlin, Berlin, Germany",https://de.linkedin.com/jobs/view/game-developer-at-snowprint-studios-4280327441?position=4&pageNum=92&refId=FjBuv3FeuOrXV17TskLPwA%3D%3D&trackingId=FqiBx4Vlur58r2%2Fu5ihy1Q%3D%3D
Senior Value Engineer (m/w/d),SPREAD AI,"Berlin, Berlin, Germany",https://de.linkedin.com/jobs/view/senior-value-engineer-m-w-d-at-spread-ai-4295564068?position=5&pageNum=92&refId=FjBuv3FeuOrXV17TskLPwA%3D%3D&trackingId=XxSgocp6ypT8sFXZSgcbyA%3D%3D
Pharmazeutisch-kaufmännische*r Angestellte*r und Apotheker*in als Lehrkraft/Dozent*in (m/w/d),FORUM Berufsbildung,"Berlin, Berlin, Germany",https://de.linkedin.com/jobs/view/pharmazeutisch-kaufm%C3%A4nnische-r-angestellte-r-und-apotheker-in-als-lehrkraft-dozent-in-m-w-d-at-forum-berufsbildung-4235205701?position=6&pageNum=92&refId=FjBuv3FeuOrXV17TskLPwA%3D%3D&trackingId=wF%2Fo9rR5MjHgxduGLVPSuA%3D%3D
"Backend Developer (Python, FastAPI, Django, Postgres)",WASTEER,"Berlin, Berlin, Germany",https://de.linkedin.com/jobs/view/backend-developer-python-fastapi-django-postgres-at-wasteer-4292279686?position=7&pageNum=92&refId=FjBuv3FeuOrXV17TskLPwA%3D%3D&trackingId=%2FUreL9OnDSB%2FpdoFPta4FA%3D%3D
"Senior PLM Analyst (m/w/d) - Berlin, Germany",Tesla,"Berlin, Berlin, Germany",https://de.linkedin.com/jobs/view/senior-plm-analyst-m-w-d-berlin-germany-at-tesla-4284453305?position=8&pageNum=92&refId=FjBuv3FeuOrXV17TskLPwA%3D%3D&trackingId=%2FCGaIcFXTUAUN24q01V2fA%3D%3D
"Python and Kubernetes Software Engineer - Data, AI/ML & Analytics",Canonical,"Berlin, Berlin, Germany",https://de.linkedin.com/jobs/view/python-and-kubernetes-software-engineer-data-ai-ml-analytics-at-canonical-4148909846?position=9&pageNum=92&refId=FjBuv3FeuOrXV17TskLPwA%3D%3D&trackingId=OAPOxI1FPBCcniEGhTLcBw%3D%3D
Staff Engineer - SRE focus (all genders),GROPYUS,"Berlin, Germany",https://de.linkedin.com/jobs/view/staff-engineer-sre-focus-all-genders-at-gropyus-4268663586?position=10&pageNum=92&refId=FjBuv3FeuOrXV17TskLPwA%3D%3D&trackingId=B2z5Dak%2Fn0Ul%2Bp6YBXH3eg%3D%3D
Systems Engineer for Mission Analysis and Design (all genders),Reflex Aerospace,"Berlin, Berlin, Germany",https://de.linkedin.com/jobs/view/systems-engineer-for-mission-analysis-and-design-all-genders-at-reflex-aerospace-4253771670?position=1&pageNum=95&refId=wcdqe6ISHNJl3NFnSym34A%3D%3D&trackingId=tCiS94sU0%2FS7P25faYJ%2BRQ%3D%3D
Business Automations & AI Intern (m/w/d),TAWO,"Berlin, Germany",https://de.linkedin.com/jobs/view/business-automations-ai-intern-m-w-d-at-tawo-4281244045?position=2&pageNum=95&refId=wcdqe6ISHNJl3NFnSym34A%3D%3D&trackingId=DPVEDj0cbcJIKLYfyjiCMQ%3D%3D
Staff Machine Learning Engineer (d/f/m),Aignostics,"Berlin, Berlin, Germany",https://de.linkedin.com/jobs/view/staff-machine-learning-engineer-d-f-m-at-aignostics-4294438959?position=3&pageNum=95&refId=wcdqe6ISHNJl3NFnSym34A%3D%3D&trackingId=TBw%2FxQSzv7S8CBY0tQhVWA%3D%3D
Software Engineer (Python/Linux/Packaging),Canonical,"Berlin, Berlin, Germany",https://de.linkedin.com/jobs/view/software-engineer-python-linux-packaging-at-canonical-4284593650?position=4&pageNum=95&refId=wcdqe6ISHNJl3NFnSym34A%3D%3D&trackingId=bm5U4YMcfkDotGFPsjevMw%3D%3D
Lead Software Engineer - Machine Learning,REDSOFA GROUP,"Berlin, Germany",https://de.linkedin.com/jobs/view/lead-software-engineer-machine-learning-at-redsofa-group-4286794251?position=5&pageNum=95&refId=wcdqe6ISHNJl3NFnSym34A%3D%3D&trackingId=OybkLV590i0AGJYgbLhlIw%3D%3D
Tech Lead (w/m/d) - B2B Saas I Berlin (hybrid) - ENG,Packmatic,"Berlin, Berlin, Germany",https://de.linkedin.com/jobs/view/tech-lead-w-m-d-b2b-saas-i-berlin-hybrid-eng-at-packmatic-4291248157?position=6&pageNum=95&refId=wcdqe6ISHNJl3NFnSym34A%3D%3D&trackingId=ee4zQTuLeCksUqm8aBdVdA%3D%3D
Werkstudent (M/W/D),INSIDE M2M GmbH,"Berlin, Berlin, Germany",https://de.linkedin.com/jobs/view/werkstudent-m-w-d-at-inside-m2m-gmbh-4294150106?position=7&pageNum=95&refId=wcdqe6ISHNJl3NFnSym34A%3D%3D&trackingId=pOsmgOrYWFSge%2FuRcbKyzQ%3D%3D
Back-end Engineer,Ailoys,"Berlin, Berlin, Germany",https://de.linkedin.com/jobs/view/back-end-engineer-at-ailoys-4130081692?position=8&pageNum=95&refId=wcdqe6ISHNJl3NFnSym34A%3D%3D&trackingId=8wcRDVa9rMpeBtAo8qzYbA%3D%3D
(Junior) DevOps Engineer (m/w/d)*,Tagueri AG,"Berlin, Berlin, Germany",https://de.linkedin.com/jobs/view/junior-devops-engineer-m-w-d-at-tagueri-ag-4273214814?position=9&pageNum=95&refId=wcdqe6ISHNJl3NFnSym34A%3D%3D&trackingId=fPf93%2Fe2olpTIKVLHlplbQ%3D%3D
Werkstudent (m/w/d) im Bereich Systemtest - Test Engineer Roboterlösung,CCV,"Berlin, Berlin, Germany",https://de.linkedin.com/jobs/view/werkstudent-m-w-d-im-bereich-systemtest-test-engineer-roboterl%C3%B6sung-at-ccv-4297530862?position=10&pageNum=95&refId=wcdqe6ISHNJl3NFnSym34A%3D%3D&trackingId=aA%2Fc21qJcGkxVgQUZETE3w%3D%3D
Informatikpraktikum E-Commerce im Verlag (Berlin) (Front/Backend),Verlag Homöopathie + Symbol,"Berlin, Berlin, Germany",https://de.linkedin.com/jobs/view/informatikpraktikum-e-commerce-im-verlag-berlin-front-backend-at-verlag-hom%C3%B6opathie-%2B-symbol-4290725859?position=1&pageNum=97&refId=hdl%2FZG6hMs9JXjVqkl25nQ%3D%3D&trackingId=kyopjhjbU5CpadwlapN%2B%2Bg%3D%3D
Stitching Engineer (f/m/x),SOFTSEED TECHNOLOGIES,"Berlin, Berlin, Germany",https://de.linkedin.com/jobs/view/stitching-engineer-f-m-x-at-softseed-technologies-4284368897?position=2&pageNum=97&refId=hdl%2FZG6hMs9JXjVqkl25nQ%3D%3D&trackingId=Y6dpOkjoJfgARcyQQRpPsg%3D%3D
Business Analyst ERP (f/m/d),IONOS,"Berlin, Germany",https://de.linkedin.com/jobs/view/business-analyst-erp-f-m-d-at-ionos-4228984263?position=3&pageNum=97&refId=hdl%2FZG6hMs9JXjVqkl25nQ%3D%3D&trackingId=4YUiCuOkjErMq09rkOlXaA%3D%3D
Growth Strategy Analyst (Madrid based),Fever,"Berlin, Berlin, Germany",https://de.linkedin.com/jobs/view/growth-strategy-analyst-madrid-based-at-fever-4285533415?position=4&pageNum=97&refId=hdl%2FZG6hMs9JXjVqkl25nQ%3D%3D&trackingId=U5k%2BXw6MhGdpPT31%2B8PQiw%3D%3D
(Senior) System Engineer (m/w/d),TieTalent,"Potsdam, Brandenburg, Germany",https://de.linkedin.com/jobs/view/senior-system-engineer-m-w-d-at-tietalent-4283002337?position=5&pageNum=97&refId=hdl%2FZG6hMs9JXjVqkl25nQ%3D%3D&trackingId=9yynTCOAdhy1LTaWlxgi7g%3D%3D
Software Engineer - L3 Support,Canonical,"Berlin, Berlin, Germany",https://de.linkedin.com/jobs/view/software-engineer-l3-support-at-canonical-4284589911?position=6&pageNum=97&refId=hdl%2FZG6hMs9JXjVqkl25nQ%3D%3D&trackingId=QwvDk5sGcoIZEcFZ46%2FVlw%3D%3D
Tech Lead (w/m/d) - B2B Saas I Berlin (hybrid),Packmatic,"Berlin, Berlin, Germany",https://de.linkedin.com/jobs/view/tech-lead-w-m-d-b2b-saas-i-berlin-hybrid-at-packmatic-4292338008?position=7&pageNum=97&refId=hdl%2FZG6hMs9JXjVqkl25nQ%3D%3D&trackingId=qQpJLQ1duZQnbx8ivn28xw%3D%3D
Principal Machine Learning Engineer,Almedia,"Berlin, Germany",https://de.linkedin.com/jobs/view/principal-machine-learning-engineer-at-almedia-4289336945?position=8&pageNum=97&refId=hdl%2FZG6hMs9JXjVqkl25nQ%3D%3D&trackingId=oWFyrXiDc8tN3DgT%2BjkS3Q%3D%3D
System Engineer for Passenger Information Systems (f/m/d),Alstom,"Hennigsdorf, Brandenburg, Germany",https://de.linkedin.com/jobs/view/system-engineer-for-passenger-information-systems-f-m-d-at-alstom-4293688343?position=9&pageNum=97&refId=hdl%2FZG6hMs9JXjVqkl25nQ%3D%3D&trackingId=6%2BYRFphU9FHGjnaVNljRDg%3D%3D
Senior Engineer - Developer Foundations and Enablement,Delivery Hero,"Berlin, Berlin, Germany",https://de.linkedin.com/jobs/view/senior-engineer-developer-foundations-and-enablement-at-delivery-hero-4278796312?position=10&pageNum=97&refId=hdl%2FZG6hMs9JXjVqkl25nQ%3D%3D&trackingId=CrJTCI208ZidTvotyzpFTg%3D%3D
